"month","item","definition","uni_lemma","learned","value","IPA","value2"
16,13,"alligator","alligator",0,1,"ælɪɡeɪɾɚ",8
16,14,"animal","animal",0,1,"ænɪməL",6
16,15,"ant","ant",0,12,"ænt",3
16,16,"bear","bear",0,22,"bɛɹ",3
16,17,"bee","bee",0,24,"bi",2
16,18,"bird","bird",0,16,"bɜd",3
16,19,"bug","bug",0,22,"bʌɡ",3
16,20,"bunny","bunny",0,13,"bʌni",4
16,21,"butterfly","butterfly",0,1,"bʌɾɚflaɪ",8
16,22,"cat","cat",0,14,"kæt",3
16,23,"chicken","chicken",0,10,"tʃɪkɪn",6
16,24,"cow","cow",0,18,"kaʊ",3
16,25,"deer","deer",0,20,"dɪɹ",3
16,26,"dog","dog",1,16,"dɑɡ",3
16,27,"donkey","donkey",0,1,"dɑŋki",5
16,28,"duck","duck",0,16,"dʌk",3
16,29,"elephant","elephant",0,1,"ɛlɪfənt",7
16,30,"fish","fish",0,30,"fɪʃ",3
16,31,"frog","frog",0,4,"fɹɑɡ",4
16,32,"giraffe","giraffe",0,1,"dʒɪɹæf",6
16,33,"goose","goose",0,20,"ɡus",3
16,35,"horse","horse",0,6,"hɔɹs",4
16,36,"kitty","kitty",0,4,"kɪɾi",4
16,37,"lamb","lamb",0,14,"læm",3
16,38,"lion","lion",0,1,"laɪəɹn",6
16,39,"monkey","monkey",0,3,"mʌnki",5
16,40,"moose","moose",0,19,"mus",3
16,41,"mouse","mouse",0,7,"maʊs",4
16,42,"owl","owl",0,15,"aʊl",3
16,43,"penguin","penguin",0,1,"pɛŋɡwɪn",7
16,44,"pig","pig",0,19,"pɪɡ",3
16,45,"pony","pony",0,3,"poʊni",5
16,46,"puppy","puppy",0,7,"pʌpi",4
16,47,"rooster","rooster",0,1,"ɹustɚ",5
16,48,"sheep","sheep",0,13,"ʃip",3
16,49,"squirrel","squirrel",0,1,"skwɪɹəL",7
16,50,"teddybear","teddybear",0,1,"tɛdɪbɛɹ",7
16,51,"tiger","tiger",0,1,"taɪɡɚ",5
16,52,"turkey","turkey",0,5,"tɜki",4
16,53,"turtle","turtle",0,3,"tɜɾəL",5
16,54,"wolf","wolf",0,2,"wʊlf",4
16,55,"zebra","zebra",0,1,"zibɹə",5
16,56,"airplane","airplane",0,1,"ɛɹpleɪn",7
16,57,"bicycle","bicycle",0,1,"baɪsɪkəL",8
16,58,"boat","boat",0,15,"boʊt",4
16,59,"bus","bus",0,26,"bʌs",3
16,60,"car","car",0,21,"kɑɹ",3
16,61,"firetruck","firetruck",0,1,"faɪəɹtɹʌk",9
16,62,"helicopter","helicopter",0,1,"hɛlɪkɑptɚ",9
16,63,"motorcycle","motorcycle",0,1,"moʊɾəsaɪkəL",11
16,64,"sled","sled",0,6,"slɛd",4
16,65,"stroller","stroller",0,1,"stɹoʊlɚ",7
16,66,"tractor","tractor",0,2,"tɹæktɚ",6
16,67,"train","train",0,5,"tɹeɪn",5
16,68,"tricycle","tricycle",0,1,"tɹaɪsaɪkəL",10
16,69,"truck","truck",0,9,"tɹʌk",4
16,70,"ball","ball",1,17,"bɔl",3
16,71,"balloon","balloon",0,1,"bəlun",5
16,72,"bat","bat",0,21,"bæt",3
16,73,"block","block",0,6,"blɑk",4
16,74,"book","book",1,22,"bʊk",3
16,75,"bubbles","bubbles",0,1,"bʌbəLz",6
16,76,"chalk","chalk",0,7,"tʃɔk",4
16,77,"crayon","crayon",0,3,"kɹeɪɑn",6
16,78,"doll","doll",0,15,"dɑl",3
16,79,"game","game",0,7,"ɡeɪm",4
16,80,"glue","glue",0,5,"ɡlu",3
16,81,"pen","pen",0,16,"pɛn",3
16,82,"pencil","pencil",0,1,"pɛnsɪl",6
16,83,"play dough","play dough",0,1,"pleɪdoʊ",7
16,84,"present","present",0,1,"pɹɛzənt",7
16,85,"puzzle","puzzle",0,3,"pʌzəL",5
16,86,"story","story",0,6,"stoɹi",5
16,87,"toy","toy",0,11,"tɔɪ",3
16,88,"apple","apple",0,2,"æpəL",4
16,89,"applesauce","applesauce",0,1,"æpəLsɔs",7
16,90,"banana","banana",1,1,"bɐnænə",6
16,91,"beans","beans",0,7,"binz",4
16,92,"bread","bread",0,9,"bɹɛd",4
16,93,"butter","butter",0,9,"bʌɾɚ",4
16,94,"cake","cake",0,10,"keɪk",4
16,95,"candy","candy",0,3,"kændi",5
16,96,"carrots","carrots",0,1,"kæɹəts",6
16,97,"cereal","cereal",0,1,"siəɹɪəL",7
16,98,"cheerios","cheerios",0,1,"tʃɪɹɪoʊz",8
16,99,"cheese","cheese",0,9,"tʃiz",4
16,100,"chicken","chicken",0,10,"tʃɪkɪn",6
16,101,"chocolate","chocolate",0,1,"tʃɑklət",7
16,102,"coffee","coffee",0,4,"kɔfi",4
16,103,"coke","coke",0,15,"koʊk",4
16,104,"cookie","cookie",0,7,"kʊki",4
16,105,"corn","corn",0,6,"kɔɹn",4
16,106,"cracker","cracker",0,2,"kɹækɚ",5
16,107,"donut","donut",0,1,"doʊnʌt",6
16,108,"drink","drink",0,2,"dɹɪŋk",5
16,109,"egg","egg",0,15,"ɛɡ",2
16,110,"fish","fish",0,30,"fɪʃ",3
16,111,"food","food",0,18,"fud",3
16,112,"french fries","french fries",0,1,"fɹɛntʃfɹaɪz",11
16,113,"grapes","grapes",0,1,"ɡɹeɪps",6
16,114,"green beans","green beans",0,1,"ɡɹinbinz",8
16,115,"gum","gum",0,14,"ɡʌm",3
16,116,"hamburger","hamburger",0,1,"hæmbɜɡɚ",7
16,117,"ice","ice",0,22,"aɪs",3
16,118,"ice cream","ice cream",0,1,"aɪskɹim",7
16,119,"jello","jello",0,2,"dʒɛloʊ",6
16,120,"jelly","jelly",0,2,"dʒɛli",5
16,121,"juice","juice",0,5,"dʒus",4
16,122,"lollipop","lollipop",0,1,"lɑlɪpɑp",7
16,123,"meat","meat",0,15,"mit",3
16,124,"melon","melon",0,2,"mɛlən",5
16,125,"milk","milk",0,2,"mɪlk",4
16,126,"muffin","muffin",0,1,"mʌfɪn",5
16,127,"noodles","pasta",0,1,"nudəLz",6
16,128,"nuts","nuts",0,3,"nʌts",4
16,129,"orange","orange",0,1,"ɔɹɪndʒ",6
16,130,"pancake","pancake",0,1,"pænkeɪk",7
16,131,"peas","peas",0,13,"piz",3
16,132,"peanut butter","peanut butter",0,1,"pinʌtbʌɾɚ",9
16,133,"pickle","pickle",0,3,"pɪkəL",5
16,134,"pizza","pizza",0,1,"pitsə",5
16,135,"popcorn","popcorn",0,1,"pɑpkɔɹn",7
16,136,"popsicle","popsicle",0,1,"pɑpsɪkəL",8
16,137,"potato chip","chips",0,1,"pəteɪɾoʊtʃɪp",12
16,138,"potato","potato",0,1,"pəteɪɾoʊ",8
16,139,"pretzel","pretzel",0,1,"pɹɪtsɛl",7
16,140,"pudding","pudding",0,1,"pʊdɪŋ",5
16,141,"pumpkin","pumpkin",0,1,"pʌmpkɪn",7
16,142,"raisin","raisin",0,2,"ɹeɪzən",6
16,143,"salt","salt",0,4,"sɑlt",4
16,144,"sandwich","sandwich",0,1,"sændwɪtʃ",8
16,145,"sauce","sauce",0,12,"sɔs",3
16,146,"soda","soda",0,2,"soʊdə",5
16,147,"soup","soup",0,18,"sup",3
16,148,"spaghetti","pasta",0,1,"spæɡɛɾi",7
16,149,"strawberry","strawberry",0,1,"stɹɔbɛɹi",8
16,150,"toast","toast",0,4,"toʊst",5
16,153,"vitamins","vitamins",0,1,"vaɪɾəmɪnz",9
16,154,"water","water",0,12,"wɔɾɚ",4
16,155,"yogurt","yogurt",0,1,"jɑɡɜt",5
16,156,"beads","beads",0,7,"bidz",4
16,157,"belt","belt",0,7,"bɛlt",4
16,158,"bib","bib",0,21,"bɪb",3
16,159,"boots","boots",0,7,"buts",4
16,160,"button","button",0,5,"bʌɾən",5
16,161,"coat","coat",0,15,"koʊt",4
16,162,"diaper","diaper",0,1,"daɪəpɚ",6
16,163,"dress","dress",0,5,"dɹɛs",4
16,164,"gloves","gloves",0,1,"ɡlʌvz",5
16,165,"hat","hat",0,13,"hæt",3
16,166,"jacket","jacket",0,1,"dʒækɪt",6
16,167,"jeans","jeans",0,2,"dʒinz",5
16,168,"mittens","mittens",0,1,"mɪɾənz",6
16,169,"necklace","necklace",0,1,"nɛkləs",6
16,170,"pajamas","pajamas",0,1,"pædʒɑməz",8
16,171,"pants","pants",0,4,"pænts",5
16,173,"shirt","shirt",0,11,"ʃɜt",3
16,174,"shoe","shoe",1,19,"ʃu",2
16,175,"shorts","shorts",0,2,"ʃɔɹts",5
16,176,"slipper","slipper",0,4,"slɪpɚ",5
16,179,"sock","sock",0,18,"sɑk",3
16,180,"sweater","sweater",0,5,"swɛɾɚ",5
16,182,"underpants","underpants",0,1,"ʌndɚpænts",9
16,183,"zipper","zipper",0,4,"zɪpɚ",4
16,184,"ankle","ankle",0,3,"æŋkəL",5
16,185,"arm","arm",0,8,"ɑɹm",3
16,186,"belly button","belly button",0,1,"bɛlibʌɾən",9
16,187,"buttocks","butt",0,2,"bʌɾəks",6
16,188,"cheek","cheek",0,8,"tʃik",4
16,189,"chin","chin",0,13,"tʃɪn",4
16,190,"ear","ear",0,21,"ɪɹ",2
16,191,"eye","eye",0,21,"aɪ",2
16,192,"face","face",0,11,"feɪs",4
16,193,"finger","finger",0,1,"fɪŋɡɚ",5
16,194,"foot","foot",0,17,"fʊt",3
16,195,"hair","hair",0,14,"hɛɹ",3
16,196,"hand","hand",0,8,"hænd",4
16,197,"head","head",0,13,"hɛd",3
16,198,"knee","knee",0,16,"ni",2
16,199,"leg","leg",0,13,"lɛɡ",3
16,200,"lips","lips",0,4,"lɪps",4
16,201,"mouth","mouth",0,5,"maʊθ",4
16,202,"nose","nose",0,11,"noʊz",4
16,203,"owie","owie",0,18,"oʊi",3
16,204,"penis","penis",0,2,"pinɪs",5
16,205,"shoulder","shoulder",0,1,"ʃoʊldɚ",6
16,206,"toe","toe",0,19,"toʊ",3
16,207,"tongue","tongue",0,13,"tʌŋ",3
16,208,"tooth","tooth",0,14,"tuθ",3
16,209,"tummy","tummy",0,9,"tʌmi",4
16,211,"basket","basket",0,3,"bæskɪt",6
16,212,"blanket","blanket",0,2,"blæŋkɪt",7
16,213,"bottle","bottle",0,3,"bɑɾəL",5
16,214,"bowl","bowl",0,13,"boʊl",4
16,215,"box","box",0,7,"bɑks",4
16,216,"broom","broom",0,8,"bɹum",4
16,217,"brush","brush",0,7,"bɹʌʃ",4
16,218,"bucket","bucket",0,2,"bʌkɪt",5
16,219,"camera","camera",0,1,"kæmɚɹə",6
16,220,"can","can",0,16,"kæn",3
16,221,"clock","clock",0,7,"klɑk",4
16,222,"comb","comb",0,11,"koʊm",4
16,223,"cup","cup",0,16,"kʌp",3
16,224,"dish","dish",0,16,"dɪʃ",3
16,225,"fork","fork",0,3,"fɔɹk",4
16,226,"garbage","garbage",0,1,"ɡɑɹbɪdʒ",7
16,227,"glass","glass",0,7,"ɡlæs",4
16,228,"glasses","glasses",0,2,"ɡlæsɪz",6
16,229,"hammer","hammer",0,6,"hæmɚ",4
16,230,"jar","jar",0,9,"dʒɑɹ",4
16,231,"keys","keys",0,14,"kiz",3
16,232,"knife","knife",0,5,"naɪf",4
16,233,"lamp","lamp",0,4,"læmp",4
16,234,"light","light",0,6,"laɪt",4
16,235,"medicine","medicine",0,2,"mɛdsən",6
16,236,"money","money",0,9,"mʌni",4
16,237,"mop","mop",0,12,"mɑp",3
16,238,"nail","nails",0,7,"neɪl",4
16,239,"napkin","napkin",0,1,"næpkɪn",6
16,240,"paper","paper",0,4,"peɪpɚ",5
16,241,"penny","penny",0,8,"pɛni",4
16,242,"picture","picture",0,1,"pɪktʃɚ",6
16,243,"pillow","pillow",0,1,"pɪloʊ",5
16,244,"plant","plant",0,4,"plænt",5
16,245,"plate","plate",0,3,"pleɪt",5
16,246,"purse","purse",0,12,"pɜs",3
16,247,"radio","radio",0,1,"ɹeɪdɪoʊ",7
16,248,"scissors","scissors",0,1,"sɪsɚz",5
16,249,"soap","soap",0,14,"soʊp",4
16,250,"spoon","spoon",0,6,"spun",4
16,251,"tape","tape",0,10,"teɪp",4
16,252,"telephone","telephone",0,1,"tɛlɪfoʊn",8
16,253,"tissue","tissue",0,7,"tɪʃu",4
16,254,"toothbrush","toothbrush",0,1,"tuθbɹʌʃ",7
16,255,"towel","towel",0,2,"taʊəL",5
16,256,"trash","trash",0,5,"tɹæʃ",4
16,258,"vacuum","vacuum",0,1,"vækjum",6
16,260,"watch","watch",0,1,"wɑtʃ",4
16,262,"bathroom","bathroom",0,3,"bæθɹum",6
16,263,"bathtub","bathtub",0,1,"bæθtʌb",6
16,264,"bed","bed",0,20,"bɛd",3
16,265,"bedroom","bedroom",0,3,"bɛdɹum",6
16,267,"chair","chair",0,7,"tʃɛɹ",4
16,268,"closet","closet",0,1,"klɑzɪt",6
16,269,"couch","couch",0,3,"kaʊtʃ",5
16,270,"crib","crib",0,3,"kɹɪb",4
16,271,"door","door",0,13,"doɹ",3
16,272,"drawer","drawer",0,5,"dɹɔɹ",4
16,273,"dryer","dryer",0,1,"dɹaɪɚ",5
16,274,"garage","garage",0,1,"ɡɐɹɑʒ",5
16,275,"high chair","high chair",0,1,"haɪtʃɛɹ",7
16,276,"kitchen","kitchen",0,1,"kɪtʃən",6
16,277,"living room","living room",0,1,"lɪvɪŋɹum",8
16,278,"oven","oven",0,3,"ʌvən",4
16,281,"potty","potty",0,4,"pɑɾi",4
16,282,"rocking chair","rocking chair",0,1,"ɹɑkɪŋtʃɛɹ",9
16,283,"refrigerator","refrigerator",0,1,"ɹɪfɹɪdʒɚɹeɪɾɚ",13
16,284,"room","room",0,15,"ɹum",3
16,285,"shower","shower",0,6,"ʃaʊɚ",4
16,286,"sink","sink",0,6,"sɪŋk",4
16,288,"stairs","stairs",0,3,"stɛɹz",5
16,289,"stove","stove",0,5,"stoʊv",5
16,290,"table","table",0,1,"teɪbəL",6
16,291,"TV","tv",0,4,"tivi",4
16,292,"window","window",0,2,"wɪndoʊ",6
16,293,"washing machine","washing machine",0,1,"wɑʃɪŋməʃin",10
16,294,"backyard","yard",0,1,"bækjɑɹd",7
16,295,"cloud","cloud",0,4,"klaʊd",5
16,296,"flag","flag",0,5,"flæɡ",4
16,297,"flower","flower",0,3,"flaʊɚ",5
16,298,"garden","garden",0,1,"ɡɑɹdən",6
16,299,"grass","grass",0,5,"ɡɹæs",4
16,300,"hose","hose",0,10,"hoʊz",4
16,301,"ladder","ladder",0,4,"lædɚ",4
16,302,"lawn mower","lawn mower",0,1,"lɔnmoʊɚ",7
16,303,"moon","moon",0,17,"mun",3
16,304,"pool","pool",0,18,"pul",3
16,305,"rain","rain",0,10,"ɹeɪn",4
16,306,"rock","rock",0,15,"ɹɑk",3
16,307,"roof","roof",0,12,"ɹuf",3
16,308,"sandbox","sandbox",0,1,"sændbɑks",8
16,309,"shovel","shovel",0,3,"ʃʌvəL",5
16,310,"sidewalk","sidewalk",0,1,"saɪdwɔk",7
16,311,"sky","sky",0,4,"skaɪ",4
16,312,"slide","slide",0,5,"slaɪd",5
16,313,"snow","snow",0,5,"snoʊ",4
16,314,"snowman","snowman",0,1,"snoʊmən",7
16,315,"sprinkler","sprinkler",0,1,"spɹɪŋklɚ",8
16,316,"star","star",0,7,"stɑɹ",4
16,317,"stick","stick",0,6,"stɪk",4
16,319,"street","street",0,3,"stɹit",5
16,320,"sun","sun",0,16,"sʌn",3
16,321,"swing","swing",0,3,"swɪŋ",4
16,322,"tree","tree",0,19,"tɹi",3
16,323,"water","water",0,12,"wɔɾɚ",4
16,324,"wind","wind",0,3,"wɪnd",4
17,13,"alligator","alligator",0,1,"ælɪɡeɪɾɚ",8
17,14,"animal","animal",0,1,"ænɪməL",6
17,15,"ant","ant",0,12,"ænt",3
17,16,"bear","bear",0,22,"bɛɹ",3
17,17,"bee","bee",0,24,"bi",2
17,18,"bird","bird",0,16,"bɜd",3
17,19,"bug","bug",0,22,"bʌɡ",3
17,20,"bunny","bunny",0,13,"bʌni",4
17,21,"butterfly","butterfly",0,1,"bʌɾɚflaɪ",8
17,22,"cat","cat",0,14,"kæt",3
17,23,"chicken","chicken",0,10,"tʃɪkɪn",6
17,24,"cow","cow",0,18,"kaʊ",3
17,25,"deer","deer",0,20,"dɪɹ",3
17,27,"donkey","donkey",0,1,"dɑŋki",5
17,28,"duck","duck",1,16,"dʌk",3
17,29,"elephant","elephant",0,1,"ɛlɪfənt",7
17,30,"fish","fish",0,30,"fɪʃ",3
17,31,"frog","frog",0,4,"fɹɑɡ",4
17,32,"giraffe","giraffe",0,1,"dʒɪɹæf",6
17,33,"goose","goose",0,20,"ɡus",3
17,35,"horse","horse",0,6,"hɔɹs",4
17,36,"kitty","kitty",0,4,"kɪɾi",4
17,37,"lamb","lamb",0,14,"læm",3
17,38,"lion","lion",0,1,"laɪəɹn",6
17,39,"monkey","monkey",0,3,"mʌnki",5
17,40,"moose","moose",0,19,"mus",3
17,41,"mouse","mouse",0,7,"maʊs",4
17,42,"owl","owl",0,15,"aʊl",3
17,43,"penguin","penguin",0,1,"pɛŋɡwɪn",7
17,44,"pig","pig",0,19,"pɪɡ",3
17,45,"pony","pony",0,3,"poʊni",5
17,46,"puppy","puppy",0,7,"pʌpi",4
17,47,"rooster","rooster",0,1,"ɹustɚ",5
17,48,"sheep","sheep",0,13,"ʃip",3
17,49,"squirrel","squirrel",0,1,"skwɪɹəL",7
17,50,"teddybear","teddybear",0,1,"tɛdɪbɛɹ",7
17,51,"tiger","tiger",0,1,"taɪɡɚ",5
17,52,"turkey","turkey",0,5,"tɜki",4
17,53,"turtle","turtle",0,3,"tɜɾəL",5
17,54,"wolf","wolf",0,2,"wʊlf",4
17,55,"zebra","zebra",0,1,"zibɹə",5
17,56,"airplane","airplane",0,1,"ɛɹpleɪn",7
17,57,"bicycle","bicycle",0,1,"baɪsɪkəL",8
17,58,"boat","boat",0,15,"boʊt",4
17,59,"bus","bus",0,26,"bʌs",3
17,60,"car","car",0,21,"kɑɹ",3
17,61,"firetruck","firetruck",0,1,"faɪəɹtɹʌk",9
17,62,"helicopter","helicopter",0,1,"hɛlɪkɑptɚ",9
17,63,"motorcycle","motorcycle",0,1,"moʊɾəsaɪkəL",11
17,64,"sled","sled",0,6,"slɛd",4
17,65,"stroller","stroller",0,1,"stɹoʊlɚ",7
17,66,"tractor","tractor",0,2,"tɹæktɚ",6
17,67,"train","train",0,5,"tɹeɪn",5
17,68,"tricycle","tricycle",0,1,"tɹaɪsaɪkəL",10
17,69,"truck","truck",0,9,"tɹʌk",4
17,71,"balloon","balloon",0,1,"bəlun",5
17,72,"bat","bat",0,21,"bæt",3
17,73,"block","block",0,6,"blɑk",4
17,75,"bubbles","bubbles",0,1,"bʌbəLz",6
17,76,"chalk","chalk",0,7,"tʃɔk",4
17,77,"crayon","crayon",0,3,"kɹeɪɑn",6
17,78,"doll","doll",0,15,"dɑl",3
17,79,"game","game",0,7,"ɡeɪm",4
17,80,"glue","glue",0,5,"ɡlu",3
17,81,"pen","pen",0,16,"pɛn",3
17,82,"pencil","pencil",0,1,"pɛnsɪl",6
17,83,"play dough","play dough",0,1,"pleɪdoʊ",7
17,84,"present","present",0,1,"pɹɛzənt",7
17,85,"puzzle","puzzle",0,3,"pʌzəL",5
17,86,"story","story",0,6,"stoɹi",5
17,87,"toy","toy",0,11,"tɔɪ",3
17,88,"apple","apple",0,2,"æpəL",4
17,89,"applesauce","applesauce",0,1,"æpəLsɔs",7
17,91,"beans","beans",0,7,"binz",4
17,92,"bread","bread",0,9,"bɹɛd",4
17,93,"butter","butter",0,9,"bʌɾɚ",4
17,94,"cake","cake",0,10,"keɪk",4
17,95,"candy","candy",0,3,"kændi",5
17,96,"carrots","carrots",0,1,"kæɹəts",6
17,97,"cereal","cereal",0,1,"siəɹɪəL",7
17,98,"cheerios","cheerios",0,1,"tʃɪɹɪoʊz",8
17,99,"cheese","cheese",0,9,"tʃiz",4
17,100,"chicken","chicken",0,10,"tʃɪkɪn",6
17,101,"chocolate","chocolate",0,1,"tʃɑklət",7
17,102,"coffee","coffee",0,4,"kɔfi",4
17,103,"coke","coke",0,15,"koʊk",4
17,104,"cookie","cookie",0,7,"kʊki",4
17,105,"corn","corn",0,6,"kɔɹn",4
17,106,"cracker","cracker",0,2,"kɹækɚ",5
17,107,"donut","donut",0,1,"doʊnʌt",6
17,108,"drink","drink",0,2,"dɹɪŋk",5
17,109,"egg","egg",0,15,"ɛɡ",2
17,110,"fish","fish",0,30,"fɪʃ",3
17,111,"food","food",0,18,"fud",3
17,112,"french fries","french fries",0,1,"fɹɛntʃfɹaɪz",11
17,113,"grapes","grapes",0,1,"ɡɹeɪps",6
17,114,"green beans","green beans",0,1,"ɡɹinbinz",8
17,115,"gum","gum",0,14,"ɡʌm",3
17,116,"hamburger","hamburger",0,1,"hæmbɜɡɚ",7
17,117,"ice","ice",0,22,"aɪs",3
17,118,"ice cream","ice cream",0,1,"aɪskɹim",7
17,119,"jello","jello",0,2,"dʒɛloʊ",6
17,120,"jelly","jelly",0,2,"dʒɛli",5
17,121,"juice","juice",0,5,"dʒus",4
17,122,"lollipop","lollipop",0,1,"lɑlɪpɑp",7
17,123,"meat","meat",0,15,"mit",3
17,124,"melon","melon",0,2,"mɛlən",5
17,125,"milk","milk",0,2,"mɪlk",4
17,126,"muffin","muffin",0,1,"mʌfɪn",5
17,127,"noodles","pasta",0,1,"nudəLz",6
17,128,"nuts","nuts",0,3,"nʌts",4
17,129,"orange","orange",0,1,"ɔɹɪndʒ",6
17,130,"pancake","pancake",0,1,"pænkeɪk",7
17,131,"peas","peas",0,13,"piz",3
17,132,"peanut butter","peanut butter",0,1,"pinʌtbʌɾɚ",9
17,133,"pickle","pickle",0,3,"pɪkəL",5
17,134,"pizza","pizza",0,1,"pitsə",5
17,135,"popcorn","popcorn",0,1,"pɑpkɔɹn",7
17,136,"popsicle","popsicle",0,1,"pɑpsɪkəL",8
17,137,"potato chip","chips",0,1,"pəteɪɾoʊtʃɪp",12
17,138,"potato","potato",0,1,"pəteɪɾoʊ",8
17,139,"pretzel","pretzel",0,1,"pɹɪtsɛl",7
17,140,"pudding","pudding",0,1,"pʊdɪŋ",5
17,141,"pumpkin","pumpkin",0,1,"pʌmpkɪn",7
17,142,"raisin","raisin",0,2,"ɹeɪzən",6
17,143,"salt","salt",0,4,"sɑlt",4
17,144,"sandwich","sandwich",0,1,"sændwɪtʃ",8
17,145,"sauce","sauce",0,12,"sɔs",3
17,146,"soda","soda",0,2,"soʊdə",5
17,147,"soup","soup",0,18,"sup",3
17,148,"spaghetti","pasta",0,1,"spæɡɛɾi",7
17,149,"strawberry","strawberry",0,1,"stɹɔbɛɹi",8
17,150,"toast","toast",0,4,"toʊst",5
17,153,"vitamins","vitamins",0,1,"vaɪɾəmɪnz",9
17,154,"water","water",0,12,"wɔɾɚ",4
17,155,"yogurt","yogurt",0,1,"jɑɡɜt",5
17,156,"beads","beads",0,7,"bidz",4
17,157,"belt","belt",0,7,"bɛlt",4
17,158,"bib","bib",0,21,"bɪb",3
17,159,"boots","boots",0,7,"buts",4
17,160,"button","button",0,5,"bʌɾən",5
17,161,"coat","coat",0,15,"koʊt",4
17,162,"diaper","diaper",0,1,"daɪəpɚ",6
17,163,"dress","dress",0,5,"dɹɛs",4
17,164,"gloves","gloves",0,1,"ɡlʌvz",5
17,165,"hat","hat",0,13,"hæt",3
17,166,"jacket","jacket",0,1,"dʒækɪt",6
17,167,"jeans","jeans",0,2,"dʒinz",5
17,168,"mittens","mittens",0,1,"mɪɾənz",6
17,169,"necklace","necklace",0,1,"nɛkləs",6
17,170,"pajamas","pajamas",0,1,"pædʒɑməz",8
17,171,"pants","pants",0,4,"pænts",5
17,173,"shirt","shirt",0,11,"ʃɜt",3
17,175,"shorts","shorts",0,2,"ʃɔɹts",5
17,176,"slipper","slipper",0,4,"slɪpɚ",5
17,179,"sock","sock",0,18,"sɑk",3
17,180,"sweater","sweater",0,5,"swɛɾɚ",5
17,182,"underpants","underpants",0,1,"ʌndɚpænts",9
17,183,"zipper","zipper",0,4,"zɪpɚ",4
17,184,"ankle","ankle",0,3,"æŋkəL",5
17,185,"arm","arm",0,8,"ɑɹm",3
17,186,"belly button","belly button",0,1,"bɛlibʌɾən",9
17,187,"buttocks","butt",0,2,"bʌɾəks",6
17,188,"cheek","cheek",0,8,"tʃik",4
17,189,"chin","chin",0,13,"tʃɪn",4
17,190,"ear","ear",0,21,"ɪɹ",2
17,191,"eye","eye",0,21,"aɪ",2
17,192,"face","face",0,11,"feɪs",4
17,193,"finger","finger",0,1,"fɪŋɡɚ",5
17,194,"foot","foot",0,17,"fʊt",3
17,195,"hair","hair",0,14,"hɛɹ",3
17,196,"hand","hand",0,8,"hænd",4
17,197,"head","head",0,13,"hɛd",3
17,198,"knee","knee",0,16,"ni",2
17,199,"leg","leg",0,13,"lɛɡ",3
17,200,"lips","lips",0,4,"lɪps",4
17,201,"mouth","mouth",0,5,"maʊθ",4
17,202,"nose","nose",0,11,"noʊz",4
17,203,"owie","owie",0,18,"oʊi",3
17,204,"penis","penis",0,2,"pinɪs",5
17,205,"shoulder","shoulder",0,1,"ʃoʊldɚ",6
17,206,"toe","toe",0,19,"toʊ",3
17,207,"tongue","tongue",0,13,"tʌŋ",3
17,208,"tooth","tooth",0,14,"tuθ",3
17,209,"tummy","tummy",0,9,"tʌmi",4
17,211,"basket","basket",0,3,"bæskɪt",6
17,212,"blanket","blanket",0,2,"blæŋkɪt",7
17,213,"bottle","bottle",0,3,"bɑɾəL",5
17,214,"bowl","bowl",0,13,"boʊl",4
17,215,"box","box",0,7,"bɑks",4
17,216,"broom","broom",0,8,"bɹum",4
17,217,"brush","brush",0,7,"bɹʌʃ",4
17,218,"bucket","bucket",0,2,"bʌkɪt",5
17,219,"camera","camera",0,1,"kæmɚɹə",6
17,220,"can","can",0,16,"kæn",3
17,221,"clock","clock",0,7,"klɑk",4
17,222,"comb","comb",0,11,"koʊm",4
17,223,"cup","cup",0,16,"kʌp",3
17,224,"dish","dish",0,16,"dɪʃ",3
17,225,"fork","fork",0,3,"fɔɹk",4
17,226,"garbage","garbage",0,1,"ɡɑɹbɪdʒ",7
17,227,"glass","glass",0,7,"ɡlæs",4
17,228,"glasses","glasses",0,2,"ɡlæsɪz",6
17,229,"hammer","hammer",0,6,"hæmɚ",4
17,230,"jar","jar",0,9,"dʒɑɹ",4
17,231,"keys","keys",0,14,"kiz",3
17,232,"knife","knife",0,5,"naɪf",4
17,233,"lamp","lamp",0,4,"læmp",4
17,234,"light","light",0,6,"laɪt",4
17,235,"medicine","medicine",0,2,"mɛdsən",6
17,236,"money","money",0,9,"mʌni",4
17,237,"mop","mop",0,12,"mɑp",3
17,238,"nail","nails",0,7,"neɪl",4
17,239,"napkin","napkin",0,1,"næpkɪn",6
17,240,"paper","paper",0,4,"peɪpɚ",5
17,241,"penny","penny",0,8,"pɛni",4
17,242,"picture","picture",0,1,"pɪktʃɚ",6
17,243,"pillow","pillow",0,1,"pɪloʊ",5
17,244,"plant","plant",0,4,"plænt",5
17,245,"plate","plate",0,3,"pleɪt",5
17,246,"purse","purse",0,12,"pɜs",3
17,247,"radio","radio",0,1,"ɹeɪdɪoʊ",7
17,248,"scissors","scissors",0,1,"sɪsɚz",5
17,249,"soap","soap",0,14,"soʊp",4
17,250,"spoon","spoon",0,6,"spun",4
17,251,"tape","tape",0,10,"teɪp",4
17,252,"telephone","telephone",0,1,"tɛlɪfoʊn",8
17,253,"tissue","tissue",0,7,"tɪʃu",4
17,254,"toothbrush","toothbrush",0,1,"tuθbɹʌʃ",7
17,255,"towel","towel",0,2,"taʊəL",5
17,256,"trash","trash",0,5,"tɹæʃ",4
17,258,"vacuum","vacuum",0,1,"vækjum",6
17,260,"watch","watch",0,1,"wɑtʃ",4
17,262,"bathroom","bathroom",0,3,"bæθɹum",6
17,263,"bathtub","bathtub",0,1,"bæθtʌb",6
17,264,"bed","bed",0,20,"bɛd",3
17,265,"bedroom","bedroom",0,3,"bɛdɹum",6
17,267,"chair","chair",0,7,"tʃɛɹ",4
17,268,"closet","closet",0,1,"klɑzɪt",6
17,269,"couch","couch",0,3,"kaʊtʃ",5
17,270,"crib","crib",0,3,"kɹɪb",4
17,271,"door","door",0,13,"doɹ",3
17,272,"drawer","drawer",0,5,"dɹɔɹ",4
17,273,"dryer","dryer",0,1,"dɹaɪɚ",5
17,274,"garage","garage",0,1,"ɡɐɹɑʒ",5
17,275,"high chair","high chair",0,1,"haɪtʃɛɹ",7
17,276,"kitchen","kitchen",0,1,"kɪtʃən",6
17,277,"living room","living room",0,1,"lɪvɪŋɹum",8
17,278,"oven","oven",0,3,"ʌvən",4
17,281,"potty","potty",0,4,"pɑɾi",4
17,282,"rocking chair","rocking chair",0,1,"ɹɑkɪŋtʃɛɹ",9
17,283,"refrigerator","refrigerator",0,1,"ɹɪfɹɪdʒɚɹeɪɾɚ",13
17,284,"room","room",0,15,"ɹum",3
17,285,"shower","shower",0,6,"ʃaʊɚ",4
17,286,"sink","sink",0,6,"sɪŋk",4
17,288,"stairs","stairs",0,3,"stɛɹz",5
17,289,"stove","stove",0,5,"stoʊv",5
17,290,"table","table",0,1,"teɪbəL",6
17,291,"TV","tv",0,4,"tivi",4
17,292,"window","window",0,2,"wɪndoʊ",6
17,293,"washing machine","washing machine",0,1,"wɑʃɪŋməʃin",10
17,294,"backyard","yard",0,1,"bækjɑɹd",7
17,295,"cloud","cloud",0,4,"klaʊd",5
17,296,"flag","flag",0,5,"flæɡ",4
17,297,"flower","flower",0,3,"flaʊɚ",5
17,298,"garden","garden",0,1,"ɡɑɹdən",6
17,299,"grass","grass",0,5,"ɡɹæs",4
17,300,"hose","hose",0,10,"hoʊz",4
17,301,"ladder","ladder",0,4,"lædɚ",4
17,302,"lawn mower","lawn mower",0,1,"lɔnmoʊɚ",7
17,303,"moon","moon",0,17,"mun",3
17,304,"pool","pool",0,18,"pul",3
17,305,"rain","rain",0,10,"ɹeɪn",4
17,306,"rock","rock",0,15,"ɹɑk",3
17,307,"roof","roof",0,12,"ɹuf",3
17,308,"sandbox","sandbox",0,1,"sændbɑks",8
17,309,"shovel","shovel",0,3,"ʃʌvəL",5
17,310,"sidewalk","sidewalk",0,1,"saɪdwɔk",7
17,311,"sky","sky",0,4,"skaɪ",4
17,312,"slide","slide",0,5,"slaɪd",5
17,313,"snow","snow",0,5,"snoʊ",4
17,314,"snowman","snowman",0,1,"snoʊmən",7
17,315,"sprinkler","sprinkler",0,1,"spɹɪŋklɚ",8
17,316,"star","star",0,7,"stɑɹ",4
17,317,"stick","stick",0,6,"stɪk",4
17,319,"street","street",0,3,"stɹit",5
17,320,"sun","sun",0,16,"sʌn",3
17,321,"swing","swing",0,3,"swɪŋ",4
17,322,"tree","tree",0,19,"tɹi",3
17,323,"water","water",0,12,"wɔɾɚ",4
17,324,"wind","wind",0,3,"wɪnd",4
18,13,"alligator","alligator",0,1,"ælɪɡeɪɾɚ",8
18,14,"animal","animal",0,1,"ænɪməL",6
18,15,"ant","ant",0,12,"ænt",3
18,16,"bear","bear",1,22,"bɛɹ",3
18,17,"bee","bee",0,24,"bi",2
18,18,"bird","bird",1,16,"bɜd",3
18,19,"bug","bug",0,22,"bʌɡ",3
18,20,"bunny","bunny",0,13,"bʌni",4
18,21,"butterfly","butterfly",0,1,"bʌɾɚflaɪ",8
18,22,"cat","cat",1,14,"kæt",3
18,23,"chicken","chicken",0,10,"tʃɪkɪn",6
18,24,"cow","cow",0,18,"kaʊ",3
18,25,"deer","deer",0,20,"dɪɹ",3
18,27,"donkey","donkey",0,1,"dɑŋki",5
18,29,"elephant","elephant",0,1,"ɛlɪfənt",7
18,30,"fish","fish",1,30,"fɪʃ",3
18,31,"frog","frog",0,4,"fɹɑɡ",4
18,32,"giraffe","giraffe",0,1,"dʒɪɹæf",6
18,33,"goose","goose",0,20,"ɡus",3
18,35,"horse","horse",0,6,"hɔɹs",4
18,36,"kitty","kitty",1,4,"kɪɾi",4
18,37,"lamb","lamb",0,14,"læm",3
18,38,"lion","lion",0,1,"laɪəɹn",6
18,39,"monkey","monkey",0,3,"mʌnki",5
18,40,"moose","moose",0,19,"mus",3
18,41,"mouse","mouse",0,7,"maʊs",4
18,42,"owl","owl",0,15,"aʊl",3
18,43,"penguin","penguin",0,1,"pɛŋɡwɪn",7
18,44,"pig","pig",0,19,"pɪɡ",3
18,45,"pony","pony",0,3,"poʊni",5
18,46,"puppy","puppy",0,7,"pʌpi",4
18,47,"rooster","rooster",0,1,"ɹustɚ",5
18,48,"sheep","sheep",0,13,"ʃip",3
18,49,"squirrel","squirrel",0,1,"skwɪɹəL",7
18,50,"teddybear","teddybear",0,1,"tɛdɪbɛɹ",7
18,51,"tiger","tiger",0,1,"taɪɡɚ",5
18,52,"turkey","turkey",0,5,"tɜki",4
18,53,"turtle","turtle",0,3,"tɜɾəL",5
18,54,"wolf","wolf",0,2,"wʊlf",4
18,55,"zebra","zebra",0,1,"zibɹə",5
18,56,"airplane","airplane",0,1,"ɛɹpleɪn",7
18,57,"bicycle","bicycle",0,1,"baɪsɪkəL",8
18,58,"boat","boat",0,15,"boʊt",4
18,59,"bus","bus",0,26,"bʌs",3
18,60,"car","car",1,21,"kɑɹ",3
18,61,"firetruck","firetruck",0,1,"faɪəɹtɹʌk",9
18,62,"helicopter","helicopter",0,1,"hɛlɪkɑptɚ",9
18,63,"motorcycle","motorcycle",0,1,"moʊɾəsaɪkəL",11
18,64,"sled","sled",0,6,"slɛd",4
18,65,"stroller","stroller",0,1,"stɹoʊlɚ",7
18,66,"tractor","tractor",0,2,"tɹæktɚ",6
18,67,"train","train",0,5,"tɹeɪn",5
18,68,"tricycle","tricycle",0,1,"tɹaɪsaɪkəL",10
18,69,"truck","truck",1,9,"tɹʌk",4
18,71,"balloon","balloon",1,1,"bəlun",5
18,72,"bat","bat",0,21,"bæt",3
18,73,"block","block",0,6,"blɑk",4
18,75,"bubbles","bubbles",1,1,"bʌbəLz",6
18,76,"chalk","chalk",0,7,"tʃɔk",4
18,77,"crayon","crayon",0,3,"kɹeɪɑn",6
18,78,"doll","doll",0,15,"dɑl",3
18,79,"game","game",0,7,"ɡeɪm",4
18,80,"glue","glue",0,5,"ɡlu",3
18,81,"pen","pen",0,16,"pɛn",3
18,82,"pencil","pencil",0,1,"pɛnsɪl",6
18,83,"play dough","play dough",0,1,"pleɪdoʊ",7
18,84,"present","present",0,1,"pɹɛzənt",7
18,85,"puzzle","puzzle",0,3,"pʌzəL",5
18,86,"story","story",0,6,"stoɹi",5
18,87,"toy","toy",0,11,"tɔɪ",3
18,88,"apple","apple",1,2,"æpəL",4
18,89,"applesauce","applesauce",0,1,"æpəLsɔs",7
18,91,"beans","beans",0,7,"binz",4
18,92,"bread","bread",0,9,"bɹɛd",4
18,93,"butter","butter",0,9,"bʌɾɚ",4
18,94,"cake","cake",0,10,"keɪk",4
18,95,"candy","candy",0,3,"kændi",5
18,96,"carrots","carrots",0,1,"kæɹəts",6
18,97,"cereal","cereal",0,1,"siəɹɪəL",7
18,98,"cheerios","cheerios",0,1,"tʃɪɹɪoʊz",8
18,99,"cheese","cheese",1,9,"tʃiz",4
18,100,"chicken","chicken",0,10,"tʃɪkɪn",6
18,101,"chocolate","chocolate",0,1,"tʃɑklət",7
18,102,"coffee","coffee",0,4,"kɔfi",4
18,103,"coke","coke",0,15,"koʊk",4
18,104,"cookie","cookie",1,7,"kʊki",4
18,105,"corn","corn",0,6,"kɔɹn",4
18,106,"cracker","cracker",0,2,"kɹækɚ",5
18,107,"donut","donut",0,1,"doʊnʌt",6
18,108,"drink","drink",0,2,"dɹɪŋk",5
18,109,"egg","egg",0,15,"ɛɡ",2
18,110,"fish","fish",0,30,"fɪʃ",3
18,111,"food","food",0,18,"fud",3
18,112,"french fries","french fries",0,1,"fɹɛntʃfɹaɪz",11
18,113,"grapes","grapes",0,1,"ɡɹeɪps",6
18,114,"green beans","green beans",0,1,"ɡɹinbinz",8
18,115,"gum","gum",0,14,"ɡʌm",3
18,116,"hamburger","hamburger",0,1,"hæmbɜɡɚ",7
18,117,"ice","ice",0,22,"aɪs",3
18,118,"ice cream","ice cream",0,1,"aɪskɹim",7
18,119,"jello","jello",0,2,"dʒɛloʊ",6
18,120,"jelly","jelly",0,2,"dʒɛli",5
18,121,"juice","juice",1,5,"dʒus",4
18,122,"lollipop","lollipop",0,1,"lɑlɪpɑp",7
18,123,"meat","meat",0,15,"mit",3
18,124,"melon","melon",0,2,"mɛlən",5
18,125,"milk","milk",1,2,"mɪlk",4
18,126,"muffin","muffin",0,1,"mʌfɪn",5
18,127,"noodles","pasta",0,1,"nudəLz",6
18,128,"nuts","nuts",0,3,"nʌts",4
18,129,"orange","orange",0,1,"ɔɹɪndʒ",6
18,130,"pancake","pancake",0,1,"pænkeɪk",7
18,131,"peas","peas",0,13,"piz",3
18,132,"peanut butter","peanut butter",0,1,"pinʌtbʌɾɚ",9
18,133,"pickle","pickle",0,3,"pɪkəL",5
18,134,"pizza","pizza",0,1,"pitsə",5
18,135,"popcorn","popcorn",0,1,"pɑpkɔɹn",7
18,136,"popsicle","popsicle",0,1,"pɑpsɪkəL",8
18,137,"potato chip","chips",0,1,"pəteɪɾoʊtʃɪp",12
18,138,"potato","potato",0,1,"pəteɪɾoʊ",8
18,139,"pretzel","pretzel",0,1,"pɹɪtsɛl",7
18,140,"pudding","pudding",0,1,"pʊdɪŋ",5
18,141,"pumpkin","pumpkin",0,1,"pʌmpkɪn",7
18,142,"raisin","raisin",0,2,"ɹeɪzən",6
18,143,"salt","salt",0,4,"sɑlt",4
18,144,"sandwich","sandwich",0,1,"sændwɪtʃ",8
18,145,"sauce","sauce",0,12,"sɔs",3
18,146,"soda","soda",0,2,"soʊdə",5
18,147,"soup","soup",0,18,"sup",3
18,148,"spaghetti","pasta",0,1,"spæɡɛɾi",7
18,149,"strawberry","strawberry",0,1,"stɹɔbɛɹi",8
18,150,"toast","toast",0,4,"toʊst",5
18,153,"vitamins","vitamins",0,1,"vaɪɾəmɪnz",9
18,154,"water","water",0,12,"wɔɾɚ",4
18,155,"yogurt","yogurt",0,1,"jɑɡɜt",5
18,156,"beads","beads",0,7,"bidz",4
18,157,"belt","belt",0,7,"bɛlt",4
18,158,"bib","bib",0,21,"bɪb",3
18,159,"boots","boots",0,7,"buts",4
18,160,"button","button",0,5,"bʌɾən",5
18,161,"coat","coat",0,15,"koʊt",4
18,162,"diaper","diaper",0,1,"daɪəpɚ",6
18,163,"dress","dress",0,5,"dɹɛs",4
18,164,"gloves","gloves",0,1,"ɡlʌvz",5
18,165,"hat","hat",1,13,"hæt",3
18,166,"jacket","jacket",0,1,"dʒækɪt",6
18,167,"jeans","jeans",0,2,"dʒinz",5
18,168,"mittens","mittens",0,1,"mɪɾənz",6
18,169,"necklace","necklace",0,1,"nɛkləs",6
18,170,"pajamas","pajamas",0,1,"pædʒɑməz",8
18,171,"pants","pants",0,4,"pænts",5
18,173,"shirt","shirt",0,11,"ʃɜt",3
18,175,"shorts","shorts",0,2,"ʃɔɹts",5
18,176,"slipper","slipper",0,4,"slɪpɚ",5
18,179,"sock","sock",0,18,"sɑk",3
18,180,"sweater","sweater",0,5,"swɛɾɚ",5
18,182,"underpants","underpants",0,1,"ʌndɚpænts",9
18,183,"zipper","zipper",0,4,"zɪpɚ",4
18,184,"ankle","ankle",0,3,"æŋkəL",5
18,185,"arm","arm",0,8,"ɑɹm",3
18,186,"belly button","belly button",0,1,"bɛlibʌɾən",9
18,187,"buttocks","butt",0,2,"bʌɾəks",6
18,188,"cheek","cheek",0,8,"tʃik",4
18,189,"chin","chin",0,13,"tʃɪn",4
18,190,"ear","ear",1,21,"ɪɹ",2
18,191,"eye","eye",1,21,"aɪ",2
18,192,"face","face",0,11,"feɪs",4
18,193,"finger","finger",0,1,"fɪŋɡɚ",5
18,194,"foot","foot",0,17,"fʊt",3
18,195,"hair","hair",0,14,"hɛɹ",3
18,196,"hand","hand",0,8,"hænd",4
18,197,"head","head",0,13,"hɛd",3
18,198,"knee","knee",0,16,"ni",2
18,199,"leg","leg",0,13,"lɛɡ",3
18,200,"lips","lips",0,4,"lɪps",4
18,201,"mouth","mouth",0,5,"maʊθ",4
18,202,"nose","nose",1,11,"noʊz",4
18,203,"owie","owie",0,18,"oʊi",3
18,204,"penis","penis",0,2,"pinɪs",5
18,205,"shoulder","shoulder",0,1,"ʃoʊldɚ",6
18,206,"toe","toe",0,19,"toʊ",3
18,207,"tongue","tongue",0,13,"tʌŋ",3
18,208,"tooth","tooth",0,14,"tuθ",3
18,209,"tummy","tummy",0,9,"tʌmi",4
18,211,"basket","basket",0,3,"bæskɪt",6
18,212,"blanket","blanket",0,2,"blæŋkɪt",7
18,213,"bottle","bottle",0,3,"bɑɾəL",5
18,214,"bowl","bowl",0,13,"boʊl",4
18,215,"box","box",0,7,"bɑks",4
18,216,"broom","broom",0,8,"bɹum",4
18,217,"brush","brush",0,7,"bɹʌʃ",4
18,218,"bucket","bucket",0,2,"bʌkɪt",5
18,219,"camera","camera",0,1,"kæmɚɹə",6
18,220,"can","can",0,16,"kæn",3
18,221,"clock","clock",0,7,"klɑk",4
18,222,"comb","comb",0,11,"koʊm",4
18,223,"cup","cup",0,16,"kʌp",3
18,224,"dish","dish",0,16,"dɪʃ",3
18,225,"fork","fork",0,3,"fɔɹk",4
18,226,"garbage","garbage",0,1,"ɡɑɹbɪdʒ",7
18,227,"glass","glass",0,7,"ɡlæs",4
18,228,"glasses","glasses",0,2,"ɡlæsɪz",6
18,229,"hammer","hammer",0,6,"hæmɚ",4
18,230,"jar","jar",0,9,"dʒɑɹ",4
18,231,"keys","keys",0,14,"kiz",3
18,232,"knife","knife",0,5,"naɪf",4
18,233,"lamp","lamp",0,4,"læmp",4
18,234,"light","light",0,6,"laɪt",4
18,235,"medicine","medicine",0,2,"mɛdsən",6
18,236,"money","money",0,9,"mʌni",4
18,237,"mop","mop",0,12,"mɑp",3
18,238,"nail","nails",0,7,"neɪl",4
18,239,"napkin","napkin",0,1,"næpkɪn",6
18,240,"paper","paper",0,4,"peɪpɚ",5
18,241,"penny","penny",0,8,"pɛni",4
18,242,"picture","picture",0,1,"pɪktʃɚ",6
18,243,"pillow","pillow",0,1,"pɪloʊ",5
18,244,"plant","plant",0,4,"plænt",5
18,245,"plate","plate",0,3,"pleɪt",5
18,246,"purse","purse",0,12,"pɜs",3
18,247,"radio","radio",0,1,"ɹeɪdɪoʊ",7
18,248,"scissors","scissors",0,1,"sɪsɚz",5
18,249,"soap","soap",0,14,"soʊp",4
18,250,"spoon","spoon",0,6,"spun",4
18,251,"tape","tape",0,10,"teɪp",4
18,252,"telephone","telephone",0,1,"tɛlɪfoʊn",8
18,253,"tissue","tissue",0,7,"tɪʃu",4
18,254,"toothbrush","toothbrush",0,1,"tuθbɹʌʃ",7
18,255,"towel","towel",0,2,"taʊəL",5
18,256,"trash","trash",0,5,"tɹæʃ",4
18,258,"vacuum","vacuum",0,1,"vækjum",6
18,260,"watch","watch",0,1,"wɑtʃ",4
18,262,"bathroom","bathroom",0,3,"bæθɹum",6
18,263,"bathtub","bathtub",0,1,"bæθtʌb",6
18,264,"bed","bed",0,20,"bɛd",3
18,265,"bedroom","bedroom",0,3,"bɛdɹum",6
18,267,"chair","chair",0,7,"tʃɛɹ",4
18,268,"closet","closet",0,1,"klɑzɪt",6
18,269,"couch","couch",0,3,"kaʊtʃ",5
18,270,"crib","crib",0,3,"kɹɪb",4
18,271,"door","door",0,13,"doɹ",3
18,272,"drawer","drawer",0,5,"dɹɔɹ",4
18,273,"dryer","dryer",0,1,"dɹaɪɚ",5
18,274,"garage","garage",0,1,"ɡɐɹɑʒ",5
18,275,"high chair","high chair",0,1,"haɪtʃɛɹ",7
18,276,"kitchen","kitchen",0,1,"kɪtʃən",6
18,277,"living room","living room",0,1,"lɪvɪŋɹum",8
18,278,"oven","oven",0,3,"ʌvən",4
18,281,"potty","potty",0,4,"pɑɾi",4
18,282,"rocking chair","rocking chair",0,1,"ɹɑkɪŋtʃɛɹ",9
18,283,"refrigerator","refrigerator",0,1,"ɹɪfɹɪdʒɚɹeɪɾɚ",13
18,284,"room","room",0,15,"ɹum",3
18,285,"shower","shower",0,6,"ʃaʊɚ",4
18,286,"sink","sink",0,6,"sɪŋk",4
18,288,"stairs","stairs",0,3,"stɛɹz",5
18,289,"stove","stove",0,5,"stoʊv",5
18,290,"table","table",0,1,"teɪbəL",6
18,291,"TV","tv",0,4,"tivi",4
18,292,"window","window",0,2,"wɪndoʊ",6
18,293,"washing machine","washing machine",0,1,"wɑʃɪŋməʃin",10
18,294,"backyard","yard",0,1,"bækjɑɹd",7
18,295,"cloud","cloud",0,4,"klaʊd",5
18,296,"flag","flag",0,5,"flæɡ",4
18,297,"flower","flower",0,3,"flaʊɚ",5
18,298,"garden","garden",0,1,"ɡɑɹdən",6
18,299,"grass","grass",0,5,"ɡɹæs",4
18,300,"hose","hose",0,10,"hoʊz",4
18,301,"ladder","ladder",0,4,"lædɚ",4
18,302,"lawn mower","lawn mower",0,1,"lɔnmoʊɚ",7
18,303,"moon","moon",0,17,"mun",3
18,304,"pool","pool",0,18,"pul",3
18,305,"rain","rain",0,10,"ɹeɪn",4
18,306,"rock","rock",0,15,"ɹɑk",3
18,307,"roof","roof",0,12,"ɹuf",3
18,308,"sandbox","sandbox",0,1,"sændbɑks",8
18,309,"shovel","shovel",0,3,"ʃʌvəL",5
18,310,"sidewalk","sidewalk",0,1,"saɪdwɔk",7
18,311,"sky","sky",0,4,"skaɪ",4
18,312,"slide","slide",0,5,"slaɪd",5
18,313,"snow","snow",0,5,"snoʊ",4
18,314,"snowman","snowman",0,1,"snoʊmən",7
18,315,"sprinkler","sprinkler",0,1,"spɹɪŋklɚ",8
18,316,"star","star",0,7,"stɑɹ",4
18,317,"stick","stick",0,6,"stɪk",4
18,319,"street","street",0,3,"stɹit",5
18,320,"sun","sun",0,16,"sʌn",3
18,321,"swing","swing",0,3,"swɪŋ",4
18,322,"tree","tree",0,19,"tɹi",3
18,323,"water","water",0,12,"wɔɾɚ",4
18,324,"wind","wind",0,3,"wɪnd",4
19,13,"alligator","alligator",0,1,"ælɪɡeɪɾɚ",8
19,14,"animal","animal",0,1,"ænɪməL",6
19,15,"ant","ant",0,12,"ænt",3
19,17,"bee","bee",0,24,"bi",2
19,19,"bug","bug",0,22,"bʌɡ",3
19,20,"bunny","bunny",0,13,"bʌni",4
19,21,"butterfly","butterfly",0,1,"bʌɾɚflaɪ",8
19,23,"chicken","chicken",0,10,"tʃɪkɪn",6
19,24,"cow","cow",1,18,"kaʊ",3
19,25,"deer","deer",0,20,"dɪɹ",3
19,27,"donkey","donkey",0,1,"dɑŋki",5
19,29,"elephant","elephant",0,1,"ɛlɪfənt",7
19,31,"frog","frog",0,4,"fɹɑɡ",4
19,32,"giraffe","giraffe",0,1,"dʒɪɹæf",6
19,33,"goose","goose",0,20,"ɡus",3
19,35,"horse","horse",0,6,"hɔɹs",4
19,37,"lamb","lamb",0,14,"læm",3
19,38,"lion","lion",0,1,"laɪəɹn",6
19,39,"monkey","monkey",0,3,"mʌnki",5
19,40,"moose","moose",0,19,"mus",3
19,41,"mouse","mouse",0,7,"maʊs",4
19,42,"owl","owl",0,15,"aʊl",3
19,43,"penguin","penguin",0,1,"pɛŋɡwɪn",7
19,44,"pig","pig",0,19,"pɪɡ",3
19,45,"pony","pony",0,3,"poʊni",5
19,46,"puppy","puppy",0,7,"pʌpi",4
19,47,"rooster","rooster",0,1,"ɹustɚ",5
19,48,"sheep","sheep",0,13,"ʃip",3
19,49,"squirrel","squirrel",0,1,"skwɪɹəL",7
19,50,"teddybear","teddybear",0,1,"tɛdɪbɛɹ",7
19,51,"tiger","tiger",0,1,"taɪɡɚ",5
19,52,"turkey","turkey",0,5,"tɜki",4
19,53,"turtle","turtle",0,3,"tɜɾəL",5
19,54,"wolf","wolf",0,2,"wʊlf",4
19,55,"zebra","zebra",0,1,"zibɹə",5
19,56,"airplane","airplane",0,1,"ɛɹpleɪn",7
19,57,"bicycle","bicycle",0,1,"baɪsɪkəL",8
19,58,"boat","boat",0,15,"boʊt",4
19,59,"bus","bus",0,26,"bʌs",3
19,61,"firetruck","firetruck",0,1,"faɪəɹtɹʌk",9
19,62,"helicopter","helicopter",0,1,"hɛlɪkɑptɚ",9
19,63,"motorcycle","motorcycle",0,1,"moʊɾəsaɪkəL",11
19,64,"sled","sled",0,6,"slɛd",4
19,65,"stroller","stroller",0,1,"stɹoʊlɚ",7
19,66,"tractor","tractor",0,2,"tɹæktɚ",6
19,67,"train","train",0,5,"tɹeɪn",5
19,68,"tricycle","tricycle",0,1,"tɹaɪsaɪkəL",10
19,72,"bat","bat",0,21,"bæt",3
19,73,"block","block",0,6,"blɑk",4
19,76,"chalk","chalk",0,7,"tʃɔk",4
19,77,"crayon","crayon",0,3,"kɹeɪɑn",6
19,78,"doll","doll",0,15,"dɑl",3
19,79,"game","game",0,7,"ɡeɪm",4
19,80,"glue","glue",0,5,"ɡlu",3
19,81,"pen","pen",0,16,"pɛn",3
19,82,"pencil","pencil",0,1,"pɛnsɪl",6
19,83,"play dough","play dough",0,1,"pleɪdoʊ",7
19,84,"present","present",0,1,"pɹɛzənt",7
19,85,"puzzle","puzzle",0,3,"pʌzəL",5
19,86,"story","story",0,6,"stoɹi",5
19,87,"toy","toy",0,11,"tɔɪ",3
19,89,"applesauce","applesauce",0,1,"æpəLsɔs",7
19,91,"beans","beans",0,7,"binz",4
19,92,"bread","bread",0,9,"bɹɛd",4
19,93,"butter","butter",0,9,"bʌɾɚ",4
19,94,"cake","cake",0,10,"keɪk",4
19,95,"candy","candy",0,3,"kændi",5
19,96,"carrots","carrots",0,1,"kæɹəts",6
19,97,"cereal","cereal",0,1,"siəɹɪəL",7
19,98,"cheerios","cheerios",0,1,"tʃɪɹɪoʊz",8
19,100,"chicken","chicken",0,10,"tʃɪkɪn",6
19,101,"chocolate","chocolate",0,1,"tʃɑklət",7
19,102,"coffee","coffee",0,4,"kɔfi",4
19,103,"coke","coke",0,15,"koʊk",4
19,105,"corn","corn",0,6,"kɔɹn",4
19,106,"cracker","cracker",1,2,"kɹækɚ",5
19,107,"donut","donut",0,1,"doʊnʌt",6
19,108,"drink","drink",0,2,"dɹɪŋk",5
19,109,"egg","egg",0,15,"ɛɡ",2
19,110,"fish","fish",0,30,"fɪʃ",3
19,111,"food","food",0,18,"fud",3
19,112,"french fries","french fries",0,1,"fɹɛntʃfɹaɪz",11
19,113,"grapes","grapes",0,1,"ɡɹeɪps",6
19,114,"green beans","green beans",0,1,"ɡɹinbinz",8
19,115,"gum","gum",0,14,"ɡʌm",3
19,116,"hamburger","hamburger",0,1,"hæmbɜɡɚ",7
19,117,"ice","ice",0,22,"aɪs",3
19,118,"ice cream","ice cream",0,1,"aɪskɹim",7
19,119,"jello","jello",0,2,"dʒɛloʊ",6
19,120,"jelly","jelly",0,2,"dʒɛli",5
19,122,"lollipop","lollipop",0,1,"lɑlɪpɑp",7
19,123,"meat","meat",0,15,"mit",3
19,124,"melon","melon",0,2,"mɛlən",5
19,126,"muffin","muffin",0,1,"mʌfɪn",5
19,127,"noodles","pasta",0,1,"nudəLz",6
19,128,"nuts","nuts",0,3,"nʌts",4
19,129,"orange","orange",0,1,"ɔɹɪndʒ",6
19,130,"pancake","pancake",0,1,"pænkeɪk",7
19,131,"peas","peas",0,13,"piz",3
19,132,"peanut butter","peanut butter",0,1,"pinʌtbʌɾɚ",9
19,133,"pickle","pickle",0,3,"pɪkəL",5
19,134,"pizza","pizza",0,1,"pitsə",5
19,135,"popcorn","popcorn",0,1,"pɑpkɔɹn",7
19,136,"popsicle","popsicle",0,1,"pɑpsɪkəL",8
19,137,"potato chip","chips",0,1,"pəteɪɾoʊtʃɪp",12
19,138,"potato","potato",0,1,"pəteɪɾoʊ",8
19,139,"pretzel","pretzel",0,1,"pɹɪtsɛl",7
19,140,"pudding","pudding",0,1,"pʊdɪŋ",5
19,141,"pumpkin","pumpkin",0,1,"pʌmpkɪn",7
19,142,"raisin","raisin",0,2,"ɹeɪzən",6
19,143,"salt","salt",0,4,"sɑlt",4
19,144,"sandwich","sandwich",0,1,"sændwɪtʃ",8
19,145,"sauce","sauce",0,12,"sɔs",3
19,146,"soda","soda",0,2,"soʊdə",5
19,147,"soup","soup",0,18,"sup",3
19,148,"spaghetti","pasta",0,1,"spæɡɛɾi",7
19,149,"strawberry","strawberry",0,1,"stɹɔbɛɹi",8
19,150,"toast","toast",0,4,"toʊst",5
19,153,"vitamins","vitamins",0,1,"vaɪɾəmɪnz",9
19,154,"water","water",1,12,"wɔɾɚ",4
19,155,"yogurt","yogurt",0,1,"jɑɡɜt",5
19,156,"beads","beads",0,7,"bidz",4
19,157,"belt","belt",0,7,"bɛlt",4
19,158,"bib","bib",0,21,"bɪb",3
19,159,"boots","boots",0,7,"buts",4
19,160,"button","button",0,5,"bʌɾən",5
19,161,"coat","coat",0,15,"koʊt",4
19,162,"diaper","diaper",1,1,"daɪəpɚ",6
19,163,"dress","dress",0,5,"dɹɛs",4
19,164,"gloves","gloves",0,1,"ɡlʌvz",5
19,166,"jacket","jacket",0,1,"dʒækɪt",6
19,167,"jeans","jeans",0,2,"dʒinz",5
19,168,"mittens","mittens",0,1,"mɪɾənz",6
19,169,"necklace","necklace",0,1,"nɛkləs",6
19,170,"pajamas","pajamas",0,1,"pædʒɑməz",8
19,171,"pants","pants",0,4,"pænts",5
19,173,"shirt","shirt",0,11,"ʃɜt",3
19,175,"shorts","shorts",0,2,"ʃɔɹts",5
19,176,"slipper","slipper",0,4,"slɪpɚ",5
19,179,"sock","sock",0,18,"sɑk",3
19,180,"sweater","sweater",0,5,"swɛɾɚ",5
19,182,"underpants","underpants",0,1,"ʌndɚpænts",9
19,183,"zipper","zipper",0,4,"zɪpɚ",4
19,184,"ankle","ankle",0,3,"æŋkəL",5
19,185,"arm","arm",0,8,"ɑɹm",3
19,186,"belly button","belly button",0,1,"bɛlibʌɾən",9
19,187,"buttocks","butt",0,2,"bʌɾəks",6
19,188,"cheek","cheek",0,8,"tʃik",4
19,189,"chin","chin",0,13,"tʃɪn",4
19,192,"face","face",0,11,"feɪs",4
19,193,"finger","finger",0,1,"fɪŋɡɚ",5
19,194,"foot","foot",0,17,"fʊt",3
19,195,"hair","hair",1,14,"hɛɹ",3
19,196,"hand","hand",0,8,"hænd",4
19,197,"head","head",0,13,"hɛd",3
19,198,"knee","knee",0,16,"ni",2
19,199,"leg","leg",0,13,"lɛɡ",3
19,200,"lips","lips",0,4,"lɪps",4
19,201,"mouth","mouth",1,5,"maʊθ",4
19,203,"owie","owie",1,18,"oʊi",3
19,204,"penis","penis",0,2,"pinɪs",5
19,205,"shoulder","shoulder",0,1,"ʃoʊldɚ",6
19,206,"toe","toe",0,19,"toʊ",3
19,207,"tongue","tongue",0,13,"tʌŋ",3
19,208,"tooth","tooth",0,14,"tuθ",3
19,209,"tummy","tummy",0,9,"tʌmi",4
19,211,"basket","basket",0,3,"bæskɪt",6
19,212,"blanket","blanket",0,2,"blæŋkɪt",7
19,213,"bottle","bottle",1,3,"bɑɾəL",5
19,214,"bowl","bowl",0,13,"boʊl",4
19,215,"box","box",0,7,"bɑks",4
19,216,"broom","broom",0,8,"bɹum",4
19,217,"brush","brush",0,7,"bɹʌʃ",4
19,218,"bucket","bucket",0,2,"bʌkɪt",5
19,219,"camera","camera",0,1,"kæmɚɹə",6
19,220,"can","can",0,16,"kæn",3
19,221,"clock","clock",0,7,"klɑk",4
19,222,"comb","comb",0,11,"koʊm",4
19,223,"cup","cup",1,16,"kʌp",3
19,224,"dish","dish",0,16,"dɪʃ",3
19,225,"fork","fork",0,3,"fɔɹk",4
19,226,"garbage","garbage",0,1,"ɡɑɹbɪdʒ",7
19,227,"glass","glass",0,7,"ɡlæs",4
19,228,"glasses","glasses",0,2,"ɡlæsɪz",6
19,229,"hammer","hammer",0,6,"hæmɚ",4
19,230,"jar","jar",0,9,"dʒɑɹ",4
19,231,"keys","keys",0,14,"kiz",3
19,232,"knife","knife",0,5,"naɪf",4
19,233,"lamp","lamp",0,4,"læmp",4
19,234,"light","light",0,6,"laɪt",4
19,235,"medicine","medicine",0,2,"mɛdsən",6
19,236,"money","money",0,9,"mʌni",4
19,237,"mop","mop",0,12,"mɑp",3
19,238,"nail","nails",0,7,"neɪl",4
19,239,"napkin","napkin",0,1,"næpkɪn",6
19,240,"paper","paper",0,4,"peɪpɚ",5
19,241,"penny","penny",0,8,"pɛni",4
19,242,"picture","picture",0,1,"pɪktʃɚ",6
19,243,"pillow","pillow",0,1,"pɪloʊ",5
19,244,"plant","plant",0,4,"plænt",5
19,245,"plate","plate",0,3,"pleɪt",5
19,246,"purse","purse",0,12,"pɜs",3
19,247,"radio","radio",0,1,"ɹeɪdɪoʊ",7
19,248,"scissors","scissors",0,1,"sɪsɚz",5
19,249,"soap","soap",0,14,"soʊp",4
19,250,"spoon","spoon",1,6,"spun",4
19,251,"tape","tape",0,10,"teɪp",4
19,252,"telephone","telephone",0,1,"tɛlɪfoʊn",8
19,253,"tissue","tissue",0,7,"tɪʃu",4
19,254,"toothbrush","toothbrush",0,1,"tuθbɹʌʃ",7
19,255,"towel","towel",0,2,"taʊəL",5
19,256,"trash","trash",0,5,"tɹæʃ",4
19,258,"vacuum","vacuum",0,1,"vækjum",6
19,260,"watch","watch",0,1,"wɑtʃ",4
19,262,"bathroom","bathroom",0,3,"bæθɹum",6
19,263,"bathtub","bathtub",0,1,"bæθtʌb",6
19,264,"bed","bed",0,20,"bɛd",3
19,265,"bedroom","bedroom",0,3,"bɛdɹum",6
19,267,"chair","chair",0,7,"tʃɛɹ",4
19,268,"closet","closet",0,1,"klɑzɪt",6
19,269,"couch","couch",0,3,"kaʊtʃ",5
19,270,"crib","crib",0,3,"kɹɪb",4
19,271,"door","door",0,13,"doɹ",3
19,272,"drawer","drawer",0,5,"dɹɔɹ",4
19,273,"dryer","dryer",0,1,"dɹaɪɚ",5
19,274,"garage","garage",0,1,"ɡɐɹɑʒ",5
19,275,"high chair","high chair",0,1,"haɪtʃɛɹ",7
19,276,"kitchen","kitchen",0,1,"kɪtʃən",6
19,277,"living room","living room",0,1,"lɪvɪŋɹum",8
19,278,"oven","oven",0,3,"ʌvən",4
19,281,"potty","potty",0,4,"pɑɾi",4
19,282,"rocking chair","rocking chair",0,1,"ɹɑkɪŋtʃɛɹ",9
19,283,"refrigerator","refrigerator",0,1,"ɹɪfɹɪdʒɚɹeɪɾɚ",13
19,284,"room","room",0,15,"ɹum",3
19,285,"shower","shower",0,6,"ʃaʊɚ",4
19,286,"sink","sink",0,6,"sɪŋk",4
19,288,"stairs","stairs",0,3,"stɛɹz",5
19,289,"stove","stove",0,5,"stoʊv",5
19,290,"table","table",0,1,"teɪbəL",6
19,291,"TV","tv",0,4,"tivi",4
19,292,"window","window",0,2,"wɪndoʊ",6
19,293,"washing machine","washing machine",0,1,"wɑʃɪŋməʃin",10
19,294,"backyard","yard",0,1,"bækjɑɹd",7
19,295,"cloud","cloud",0,4,"klaʊd",5
19,296,"flag","flag",0,5,"flæɡ",4
19,297,"flower","flower",1,3,"flaʊɚ",5
19,298,"garden","garden",0,1,"ɡɑɹdən",6
19,299,"grass","grass",0,5,"ɡɹæs",4
19,300,"hose","hose",0,10,"hoʊz",4
19,301,"ladder","ladder",0,4,"lædɚ",4
19,302,"lawn mower","lawn mower",0,1,"lɔnmoʊɚ",7
19,303,"moon","moon",0,17,"mun",3
19,304,"pool","pool",0,18,"pul",3
19,305,"rain","rain",0,10,"ɹeɪn",4
19,306,"rock","rock",0,15,"ɹɑk",3
19,307,"roof","roof",0,12,"ɹuf",3
19,308,"sandbox","sandbox",0,1,"sændbɑks",8
19,309,"shovel","shovel",0,3,"ʃʌvəL",5
19,310,"sidewalk","sidewalk",0,1,"saɪdwɔk",7
19,311,"sky","sky",0,4,"skaɪ",4
19,312,"slide","slide",0,5,"slaɪd",5
19,313,"snow","snow",0,5,"snoʊ",4
19,314,"snowman","snowman",0,1,"snoʊmən",7
19,315,"sprinkler","sprinkler",0,1,"spɹɪŋklɚ",8
19,316,"star","star",0,7,"stɑɹ",4
19,317,"stick","stick",0,6,"stɪk",4
19,319,"street","street",0,3,"stɹit",5
19,320,"sun","sun",0,16,"sʌn",3
19,321,"swing","swing",0,3,"swɪŋ",4
19,322,"tree","tree",0,19,"tɹi",3
19,323,"water","water",1,12,"wɔɾɚ",4
19,324,"wind","wind",0,3,"wɪnd",4
20,13,"alligator","alligator",0,1,"ælɪɡeɪɾɚ",8
20,14,"animal","animal",0,1,"ænɪməL",6
20,15,"ant","ant",0,12,"ænt",3
20,17,"bee","bee",0,24,"bi",2
20,19,"bug","bug",0,22,"bʌɡ",3
20,20,"bunny","bunny",1,13,"bʌni",4
20,21,"butterfly","butterfly",0,1,"bʌɾɚflaɪ",8
20,23,"chicken","chicken",0,10,"tʃɪkɪn",6
20,25,"deer","deer",0,20,"dɪɹ",3
20,27,"donkey","donkey",0,1,"dɑŋki",5
20,29,"elephant","elephant",0,1,"ɛlɪfənt",7
20,31,"frog","frog",0,4,"fɹɑɡ",4
20,32,"giraffe","giraffe",0,1,"dʒɪɹæf",6
20,33,"goose","goose",0,20,"ɡus",3
20,35,"horse","horse",0,6,"hɔɹs",4
20,37,"lamb","lamb",0,14,"læm",3
20,38,"lion","lion",0,1,"laɪəɹn",6
20,39,"monkey","monkey",0,3,"mʌnki",5
20,40,"moose","moose",0,19,"mus",3
20,41,"mouse","mouse",0,7,"maʊs",4
20,42,"owl","owl",0,15,"aʊl",3
20,43,"penguin","penguin",0,1,"pɛŋɡwɪn",7
20,44,"pig","pig",0,19,"pɪɡ",3
20,45,"pony","pony",0,3,"poʊni",5
20,46,"puppy","puppy",0,7,"pʌpi",4
20,47,"rooster","rooster",0,1,"ɹustɚ",5
20,48,"sheep","sheep",0,13,"ʃip",3
20,49,"squirrel","squirrel",0,1,"skwɪɹəL",7
20,50,"teddybear","teddybear",0,1,"tɛdɪbɛɹ",7
20,51,"tiger","tiger",0,1,"taɪɡɚ",5
20,52,"turkey","turkey",0,5,"tɜki",4
20,53,"turtle","turtle",0,3,"tɜɾəL",5
20,54,"wolf","wolf",0,2,"wʊlf",4
20,55,"zebra","zebra",0,1,"zibɹə",5
20,56,"airplane","airplane",1,1,"ɛɹpleɪn",7
20,57,"bicycle","bicycle",0,1,"baɪsɪkəL",8
20,58,"boat","boat",1,15,"boʊt",4
20,59,"bus","bus",0,26,"bʌs",3
20,61,"firetruck","firetruck",0,1,"faɪəɹtɹʌk",9
20,62,"helicopter","helicopter",0,1,"hɛlɪkɑptɚ",9
20,63,"motorcycle","motorcycle",0,1,"moʊɾəsaɪkəL",11
20,64,"sled","sled",0,6,"slɛd",4
20,65,"stroller","stroller",0,1,"stɹoʊlɚ",7
20,66,"tractor","tractor",0,2,"tɹæktɚ",6
20,67,"train","train",0,5,"tɹeɪn",5
20,68,"tricycle","tricycle",0,1,"tɹaɪsaɪkəL",10
20,72,"bat","bat",0,21,"bæt",3
20,73,"block","block",0,6,"blɑk",4
20,76,"chalk","chalk",0,7,"tʃɔk",4
20,77,"crayon","crayon",0,3,"kɹeɪɑn",6
20,78,"doll","doll",0,15,"dɑl",3
20,79,"game","game",0,7,"ɡeɪm",4
20,80,"glue","glue",0,5,"ɡlu",3
20,81,"pen","pen",0,16,"pɛn",3
20,82,"pencil","pencil",0,1,"pɛnsɪl",6
20,83,"play dough","play dough",0,1,"pleɪdoʊ",7
20,84,"present","present",0,1,"pɹɛzənt",7
20,85,"puzzle","puzzle",0,3,"pʌzəL",5
20,86,"story","story",0,6,"stoɹi",5
20,87,"toy","toy",0,11,"tɔɪ",3
20,89,"applesauce","applesauce",0,1,"æpəLsɔs",7
20,91,"beans","beans",0,7,"binz",4
20,92,"bread","bread",0,9,"bɹɛd",4
20,93,"butter","butter",0,9,"bʌɾɚ",4
20,94,"cake","cake",0,10,"keɪk",4
20,95,"candy","candy",0,3,"kændi",5
20,96,"carrots","carrots",0,1,"kæɹəts",6
20,97,"cereal","cereal",0,1,"siəɹɪəL",7
20,98,"cheerios","cheerios",0,1,"tʃɪɹɪoʊz",8
20,100,"chicken","chicken",0,10,"tʃɪkɪn",6
20,101,"chocolate","chocolate",0,1,"tʃɑklət",7
20,102,"coffee","coffee",0,4,"kɔfi",4
20,103,"coke","coke",0,15,"koʊk",4
20,105,"corn","corn",0,6,"kɔɹn",4
20,107,"donut","donut",0,1,"doʊnʌt",6
20,108,"drink","drink",0,2,"dɹɪŋk",5
20,109,"egg","egg",0,15,"ɛɡ",2
20,110,"fish","fish",0,30,"fɪʃ",3
20,111,"food","food",0,18,"fud",3
20,112,"french fries","french fries",0,1,"fɹɛntʃfɹaɪz",11
20,113,"grapes","grapes",0,1,"ɡɹeɪps",6
20,114,"green beans","green beans",0,1,"ɡɹinbinz",8
20,115,"gum","gum",0,14,"ɡʌm",3
20,116,"hamburger","hamburger",0,1,"hæmbɜɡɚ",7
20,117,"ice","ice",0,22,"aɪs",3
20,118,"ice cream","ice cream",0,1,"aɪskɹim",7
20,119,"jello","jello",0,2,"dʒɛloʊ",6
20,120,"jelly","jelly",0,2,"dʒɛli",5
20,122,"lollipop","lollipop",0,1,"lɑlɪpɑp",7
20,123,"meat","meat",0,15,"mit",3
20,124,"melon","melon",0,2,"mɛlən",5
20,126,"muffin","muffin",0,1,"mʌfɪn",5
20,127,"noodles","pasta",0,1,"nudəLz",6
20,128,"nuts","nuts",0,3,"nʌts",4
20,129,"orange","orange",0,1,"ɔɹɪndʒ",6
20,130,"pancake","pancake",0,1,"pænkeɪk",7
20,131,"peas","peas",0,13,"piz",3
20,132,"peanut butter","peanut butter",0,1,"pinʌtbʌɾɚ",9
20,133,"pickle","pickle",0,3,"pɪkəL",5
20,134,"pizza","pizza",0,1,"pitsə",5
20,135,"popcorn","popcorn",0,1,"pɑpkɔɹn",7
20,136,"popsicle","popsicle",0,1,"pɑpsɪkəL",8
20,137,"potato chip","chips",0,1,"pəteɪɾoʊtʃɪp",12
20,138,"potato","potato",0,1,"pəteɪɾoʊ",8
20,139,"pretzel","pretzel",0,1,"pɹɪtsɛl",7
20,140,"pudding","pudding",0,1,"pʊdɪŋ",5
20,141,"pumpkin","pumpkin",0,1,"pʌmpkɪn",7
20,142,"raisin","raisin",0,2,"ɹeɪzən",6
20,143,"salt","salt",0,4,"sɑlt",4
20,144,"sandwich","sandwich",0,1,"sændwɪtʃ",8
20,145,"sauce","sauce",0,12,"sɔs",3
20,146,"soda","soda",0,2,"soʊdə",5
20,147,"soup","soup",0,18,"sup",3
20,148,"spaghetti","pasta",0,1,"spæɡɛɾi",7
20,149,"strawberry","strawberry",0,1,"stɹɔbɛɹi",8
20,150,"toast","toast",0,4,"toʊst",5
20,153,"vitamins","vitamins",0,1,"vaɪɾəmɪnz",9
20,155,"yogurt","yogurt",0,1,"jɑɡɜt",5
20,156,"beads","beads",0,7,"bidz",4
20,157,"belt","belt",0,7,"bɛlt",4
20,158,"bib","bib",0,21,"bɪb",3
20,159,"boots","boots",0,7,"buts",4
20,160,"button","button",0,5,"bʌɾən",5
20,161,"coat","coat",0,15,"koʊt",4
20,163,"dress","dress",0,5,"dɹɛs",4
20,164,"gloves","gloves",0,1,"ɡlʌvz",5
20,166,"jacket","jacket",0,1,"dʒækɪt",6
20,167,"jeans","jeans",0,2,"dʒinz",5
20,168,"mittens","mittens",0,1,"mɪɾənz",6
20,169,"necklace","necklace",0,1,"nɛkləs",6
20,170,"pajamas","pajamas",0,1,"pædʒɑməz",8
20,171,"pants","pants",0,4,"pænts",5
20,173,"shirt","shirt",0,11,"ʃɜt",3
20,175,"shorts","shorts",0,2,"ʃɔɹts",5
20,176,"slipper","slipper",0,4,"slɪpɚ",5
20,179,"sock","sock",0,18,"sɑk",3
20,180,"sweater","sweater",0,5,"swɛɾɚ",5
20,182,"underpants","underpants",0,1,"ʌndɚpænts",9
20,183,"zipper","zipper",0,4,"zɪpɚ",4
20,184,"ankle","ankle",0,3,"æŋkəL",5
20,185,"arm","arm",0,8,"ɑɹm",3
20,186,"belly button","belly button",1,1,"bɛlibʌɾən",9
20,187,"buttocks","butt",0,2,"bʌɾəks",6
20,188,"cheek","cheek",0,8,"tʃik",4
20,189,"chin","chin",0,13,"tʃɪn",4
20,192,"face","face",0,11,"feɪs",4
20,193,"finger","finger",0,1,"fɪŋɡɚ",5
20,194,"foot","foot",0,17,"fʊt",3
20,196,"hand","hand",0,8,"hænd",4
20,197,"head","head",0,13,"hɛd",3
20,198,"knee","knee",0,16,"ni",2
20,199,"leg","leg",0,13,"lɛɡ",3
20,200,"lips","lips",0,4,"lɪps",4
20,204,"penis","penis",0,2,"pinɪs",5
20,205,"shoulder","shoulder",0,1,"ʃoʊldɚ",6
20,206,"toe","toe",0,19,"toʊ",3
20,207,"tongue","tongue",0,13,"tʌŋ",3
20,208,"tooth","tooth",0,14,"tuθ",3
20,209,"tummy","tummy",0,9,"tʌmi",4
20,211,"basket","basket",0,3,"bæskɪt",6
20,212,"blanket","blanket",1,2,"blæŋkɪt",7
20,214,"bowl","bowl",0,13,"boʊl",4
20,215,"box","box",0,7,"bɑks",4
20,216,"broom","broom",0,8,"bɹum",4
20,217,"brush","brush",0,7,"bɹʌʃ",4
20,218,"bucket","bucket",0,2,"bʌkɪt",5
20,219,"camera","camera",0,1,"kæmɚɹə",6
20,220,"can","can",0,16,"kæn",3
20,221,"clock","clock",0,7,"klɑk",4
20,222,"comb","comb",0,11,"koʊm",4
20,224,"dish","dish",0,16,"dɪʃ",3
20,225,"fork","fork",0,3,"fɔɹk",4
20,226,"garbage","garbage",0,1,"ɡɑɹbɪdʒ",7
20,227,"glass","glass",0,7,"ɡlæs",4
20,228,"glasses","glasses",0,2,"ɡlæsɪz",6
20,229,"hammer","hammer",0,6,"hæmɚ",4
20,230,"jar","jar",0,9,"dʒɑɹ",4
20,231,"keys","keys",0,14,"kiz",3
20,232,"knife","knife",0,5,"naɪf",4
20,233,"lamp","lamp",0,4,"læmp",4
20,234,"light","light",1,6,"laɪt",4
20,235,"medicine","medicine",0,2,"mɛdsən",6
20,236,"money","money",0,9,"mʌni",4
20,237,"mop","mop",0,12,"mɑp",3
20,238,"nail","nails",0,7,"neɪl",4
20,239,"napkin","napkin",0,1,"næpkɪn",6
20,240,"paper","paper",0,4,"peɪpɚ",5
20,241,"penny","penny",0,8,"pɛni",4
20,242,"picture","picture",0,1,"pɪktʃɚ",6
20,243,"pillow","pillow",0,1,"pɪloʊ",5
20,244,"plant","plant",0,4,"plænt",5
20,245,"plate","plate",0,3,"pleɪt",5
20,246,"purse","purse",0,12,"pɜs",3
20,247,"radio","radio",0,1,"ɹeɪdɪoʊ",7
20,248,"scissors","scissors",0,1,"sɪsɚz",5
20,249,"soap","soap",0,14,"soʊp",4
20,251,"tape","tape",0,10,"teɪp",4
20,252,"telephone","telephone",0,1,"tɛlɪfoʊn",8
20,253,"tissue","tissue",0,7,"tɪʃu",4
20,254,"toothbrush","toothbrush",0,1,"tuθbɹʌʃ",7
20,255,"towel","towel",0,2,"taʊəL",5
20,256,"trash","trash",0,5,"tɹæʃ",4
20,258,"vacuum","vacuum",0,1,"vækjum",6
20,260,"watch","watch",0,1,"wɑtʃ",4
20,262,"bathroom","bathroom",0,3,"bæθɹum",6
20,263,"bathtub","bathtub",0,1,"bæθtʌb",6
20,264,"bed","bed",1,20,"bɛd",3
20,265,"bedroom","bedroom",0,3,"bɛdɹum",6
20,267,"chair","chair",0,7,"tʃɛɹ",4
20,268,"closet","closet",0,1,"klɑzɪt",6
20,269,"couch","couch",0,3,"kaʊtʃ",5
20,270,"crib","crib",0,3,"kɹɪb",4
20,271,"door","door",1,13,"doɹ",3
20,272,"drawer","drawer",0,5,"dɹɔɹ",4
20,273,"dryer","dryer",0,1,"dɹaɪɚ",5
20,274,"garage","garage",0,1,"ɡɐɹɑʒ",5
20,275,"high chair","high chair",0,1,"haɪtʃɛɹ",7
20,276,"kitchen","kitchen",0,1,"kɪtʃən",6
20,277,"living room","living room",0,1,"lɪvɪŋɹum",8
20,278,"oven","oven",0,3,"ʌvən",4
20,281,"potty","potty",0,4,"pɑɾi",4
20,282,"rocking chair","rocking chair",0,1,"ɹɑkɪŋtʃɛɹ",9
20,283,"refrigerator","refrigerator",0,1,"ɹɪfɹɪdʒɚɹeɪɾɚ",13
20,284,"room","room",0,15,"ɹum",3
20,285,"shower","shower",0,6,"ʃaʊɚ",4
20,286,"sink","sink",0,6,"sɪŋk",4
20,288,"stairs","stairs",0,3,"stɛɹz",5
20,289,"stove","stove",0,5,"stoʊv",5
20,290,"table","table",0,1,"teɪbəL",6
20,291,"TV","tv",0,4,"tivi",4
20,292,"window","window",0,2,"wɪndoʊ",6
20,293,"washing machine","washing machine",0,1,"wɑʃɪŋməʃin",10
20,294,"backyard","yard",0,1,"bækjɑɹd",7
20,295,"cloud","cloud",0,4,"klaʊd",5
20,296,"flag","flag",0,5,"flæɡ",4
20,298,"garden","garden",0,1,"ɡɑɹdən",6
20,299,"grass","grass",0,5,"ɡɹæs",4
20,300,"hose","hose",0,10,"hoʊz",4
20,301,"ladder","ladder",0,4,"lædɚ",4
20,302,"lawn mower","lawn mower",0,1,"lɔnmoʊɚ",7
20,303,"moon","moon",0,17,"mun",3
20,304,"pool","pool",0,18,"pul",3
20,305,"rain","rain",0,10,"ɹeɪn",4
20,306,"rock","rock",0,15,"ɹɑk",3
20,307,"roof","roof",0,12,"ɹuf",3
20,308,"sandbox","sandbox",0,1,"sændbɑks",8
20,309,"shovel","shovel",0,3,"ʃʌvəL",5
20,310,"sidewalk","sidewalk",0,1,"saɪdwɔk",7
20,311,"sky","sky",0,4,"skaɪ",4
20,312,"slide","slide",0,5,"slaɪd",5
20,313,"snow","snow",0,5,"snoʊ",4
20,314,"snowman","snowman",0,1,"snoʊmən",7
20,315,"sprinkler","sprinkler",0,1,"spɹɪŋklɚ",8
20,316,"star","star",0,7,"stɑɹ",4
20,317,"stick","stick",0,6,"stɪk",4
20,319,"street","street",0,3,"stɹit",5
20,320,"sun","sun",0,16,"sʌn",3
20,321,"swing","swing",0,3,"swɪŋ",4
20,322,"tree","tree",1,19,"tɹi",3
20,324,"wind","wind",0,3,"wɪnd",4
21,13,"alligator","alligator",0,1,"ælɪɡeɪɾɚ",8
21,14,"animal","animal",0,1,"ænɪməL",6
21,15,"ant","ant",0,12,"ænt",3
21,17,"bee","bee",0,24,"bi",2
21,19,"bug","bug",1,22,"bʌɡ",3
21,21,"butterfly","butterfly",0,1,"bʌɾɚflaɪ",8
21,23,"chicken","chicken",0,10,"tʃɪkɪn",6
21,25,"deer","deer",0,20,"dɪɹ",3
21,27,"donkey","donkey",0,1,"dɑŋki",5
21,29,"elephant","elephant",0,1,"ɛlɪfənt",7
21,31,"frog","frog",0,4,"fɹɑɡ",4
21,32,"giraffe","giraffe",0,1,"dʒɪɹæf",6
21,33,"goose","goose",0,20,"ɡus",3
21,35,"horse","horse",1,6,"hɔɹs",4
21,37,"lamb","lamb",0,14,"læm",3
21,38,"lion","lion",0,1,"laɪəɹn",6
21,39,"monkey","monkey",0,3,"mʌnki",5
21,40,"moose","moose",0,19,"mus",3
21,41,"mouse","mouse",0,7,"maʊs",4
21,42,"owl","owl",0,15,"aʊl",3
21,43,"penguin","penguin",0,1,"pɛŋɡwɪn",7
21,44,"pig","pig",0,19,"pɪɡ",3
21,45,"pony","pony",0,3,"poʊni",5
21,46,"puppy","puppy",1,7,"pʌpi",4
21,47,"rooster","rooster",0,1,"ɹustɚ",5
21,48,"sheep","sheep",0,13,"ʃip",3
21,49,"squirrel","squirrel",0,1,"skwɪɹəL",7
21,50,"teddybear","teddybear",0,1,"tɛdɪbɛɹ",7
21,51,"tiger","tiger",0,1,"taɪɡɚ",5
21,52,"turkey","turkey",0,5,"tɜki",4
21,53,"turtle","turtle",0,3,"tɜɾəL",5
21,54,"wolf","wolf",0,2,"wʊlf",4
21,55,"zebra","zebra",0,1,"zibɹə",5
21,57,"bicycle","bicycle",1,1,"baɪsɪkəL",8
21,59,"bus","bus",1,26,"bʌs",3
21,61,"firetruck","firetruck",0,1,"faɪəɹtɹʌk",9
21,62,"helicopter","helicopter",0,1,"hɛlɪkɑptɚ",9
21,63,"motorcycle","motorcycle",0,1,"moʊɾəsaɪkəL",11
21,64,"sled","sled",0,6,"slɛd",4
21,65,"stroller","stroller",0,1,"stɹoʊlɚ",7
21,66,"tractor","tractor",0,2,"tɹæktɚ",6
21,67,"train","train",0,5,"tɹeɪn",5
21,68,"tricycle","tricycle",0,1,"tɹaɪsaɪkəL",10
21,72,"bat","bat",0,21,"bæt",3
21,73,"block","block",0,6,"blɑk",4
21,76,"chalk","chalk",0,7,"tʃɔk",4
21,77,"crayon","crayon",0,3,"kɹeɪɑn",6
21,78,"doll","doll",0,15,"dɑl",3
21,79,"game","game",0,7,"ɡeɪm",4
21,80,"glue","glue",0,5,"ɡlu",3
21,81,"pen","pen",0,16,"pɛn",3
21,82,"pencil","pencil",0,1,"pɛnsɪl",6
21,83,"play dough","play dough",0,1,"pleɪdoʊ",7
21,84,"present","present",0,1,"pɹɛzənt",7
21,85,"puzzle","puzzle",0,3,"pʌzəL",5
21,86,"story","story",0,6,"stoɹi",5
21,87,"toy","toy",1,11,"tɔɪ",3
21,89,"applesauce","applesauce",0,1,"æpəLsɔs",7
21,91,"beans","beans",0,7,"binz",4
21,92,"bread","bread",0,9,"bɹɛd",4
21,93,"butter","butter",0,9,"bʌɾɚ",4
21,94,"cake","cake",0,10,"keɪk",4
21,95,"candy","candy",0,3,"kændi",5
21,96,"carrots","carrots",0,1,"kæɹəts",6
21,97,"cereal","cereal",0,1,"siəɹɪəL",7
21,98,"cheerios","cheerios",0,1,"tʃɪɹɪoʊz",8
21,100,"chicken","chicken",0,10,"tʃɪkɪn",6
21,101,"chocolate","chocolate",0,1,"tʃɑklət",7
21,102,"coffee","coffee",0,4,"kɔfi",4
21,103,"coke","coke",0,15,"koʊk",4
21,105,"corn","corn",0,6,"kɔɹn",4
21,107,"donut","donut",0,1,"doʊnʌt",6
21,108,"drink","drink",1,2,"dɹɪŋk",5
21,109,"egg","egg",0,15,"ɛɡ",2
21,110,"fish","fish",0,30,"fɪʃ",3
21,111,"food","food",0,18,"fud",3
21,112,"french fries","french fries",0,1,"fɹɛntʃfɹaɪz",11
21,113,"grapes","grapes",0,1,"ɡɹeɪps",6
21,114,"green beans","green beans",0,1,"ɡɹinbinz",8
21,115,"gum","gum",0,14,"ɡʌm",3
21,116,"hamburger","hamburger",0,1,"hæmbɜɡɚ",7
21,117,"ice","ice",0,22,"aɪs",3
21,118,"ice cream","ice cream",0,1,"aɪskɹim",7
21,119,"jello","jello",0,2,"dʒɛloʊ",6
21,120,"jelly","jelly",0,2,"dʒɛli",5
21,122,"lollipop","lollipop",0,1,"lɑlɪpɑp",7
21,123,"meat","meat",0,15,"mit",3
21,124,"melon","melon",0,2,"mɛlən",5
21,126,"muffin","muffin",0,1,"mʌfɪn",5
21,127,"noodles","pasta",0,1,"nudəLz",6
21,128,"nuts","nuts",0,3,"nʌts",4
21,129,"orange","orange",0,1,"ɔɹɪndʒ",6
21,130,"pancake","pancake",0,1,"pænkeɪk",7
21,131,"peas","peas",0,13,"piz",3
21,132,"peanut butter","peanut butter",0,1,"pinʌtbʌɾɚ",9
21,133,"pickle","pickle",0,3,"pɪkəL",5
21,134,"pizza","pizza",0,1,"pitsə",5
21,135,"popcorn","popcorn",0,1,"pɑpkɔɹn",7
21,136,"popsicle","popsicle",0,1,"pɑpsɪkəL",8
21,137,"potato chip","chips",0,1,"pəteɪɾoʊtʃɪp",12
21,138,"potato","potato",0,1,"pəteɪɾoʊ",8
21,139,"pretzel","pretzel",0,1,"pɹɪtsɛl",7
21,140,"pudding","pudding",0,1,"pʊdɪŋ",5
21,141,"pumpkin","pumpkin",0,1,"pʌmpkɪn",7
21,142,"raisin","raisin",0,2,"ɹeɪzən",6
21,143,"salt","salt",0,4,"sɑlt",4
21,144,"sandwich","sandwich",0,1,"sændwɪtʃ",8
21,145,"sauce","sauce",0,12,"sɔs",3
21,146,"soda","soda",0,2,"soʊdə",5
21,147,"soup","soup",0,18,"sup",3
21,148,"spaghetti","pasta",0,1,"spæɡɛɾi",7
21,149,"strawberry","strawberry",0,1,"stɹɔbɛɹi",8
21,150,"toast","toast",0,4,"toʊst",5
21,153,"vitamins","vitamins",0,1,"vaɪɾəmɪnz",9
21,155,"yogurt","yogurt",0,1,"jɑɡɜt",5
21,156,"beads","beads",0,7,"bidz",4
21,157,"belt","belt",0,7,"bɛlt",4
21,158,"bib","bib",0,21,"bɪb",3
21,159,"boots","boots",0,7,"buts",4
21,160,"button","button",0,5,"bʌɾən",5
21,161,"coat","coat",0,15,"koʊt",4
21,163,"dress","dress",0,5,"dɹɛs",4
21,164,"gloves","gloves",0,1,"ɡlʌvz",5
21,166,"jacket","jacket",0,1,"dʒækɪt",6
21,167,"jeans","jeans",0,2,"dʒinz",5
21,168,"mittens","mittens",0,1,"mɪɾənz",6
21,169,"necklace","necklace",0,1,"nɛkləs",6
21,170,"pajamas","pajamas",0,1,"pædʒɑməz",8
21,171,"pants","pants",0,4,"pænts",5
21,173,"shirt","shirt",0,11,"ʃɜt",3
21,175,"shorts","shorts",0,2,"ʃɔɹts",5
21,176,"slipper","slipper",0,4,"slɪpɚ",5
21,179,"sock","sock",0,18,"sɑk",3
21,180,"sweater","sweater",0,5,"swɛɾɚ",5
21,182,"underpants","underpants",0,1,"ʌndɚpænts",9
21,183,"zipper","zipper",0,4,"zɪpɚ",4
21,184,"ankle","ankle",0,3,"æŋkəL",5
21,185,"arm","arm",1,8,"ɑɹm",3
21,187,"buttocks","butt",0,2,"bʌɾəks",6
21,188,"cheek","cheek",0,8,"tʃik",4
21,189,"chin","chin",0,13,"tʃɪn",4
21,192,"face","face",0,11,"feɪs",4
21,193,"finger","finger",1,1,"fɪŋɡɚ",5
21,194,"foot","foot",0,17,"fʊt",3
21,196,"hand","hand",1,8,"hænd",4
21,197,"head","head",1,13,"hɛd",3
21,198,"knee","knee",0,16,"ni",2
21,199,"leg","leg",0,13,"lɛɡ",3
21,200,"lips","lips",0,4,"lɪps",4
21,204,"penis","penis",0,2,"pinɪs",5
21,205,"shoulder","shoulder",0,1,"ʃoʊldɚ",6
21,206,"toe","toe",1,19,"toʊ",3
21,207,"tongue","tongue",0,13,"tʌŋ",3
21,208,"tooth","tooth",0,14,"tuθ",3
21,209,"tummy","tummy",0,9,"tʌmi",4
21,211,"basket","basket",0,3,"bæskɪt",6
21,214,"bowl","bowl",0,13,"boʊl",4
21,215,"box","box",0,7,"bɑks",4
21,216,"broom","broom",0,8,"bɹum",4
21,217,"brush","brush",0,7,"bɹʌʃ",4
21,218,"bucket","bucket",0,2,"bʌkɪt",5
21,219,"camera","camera",0,1,"kæmɚɹə",6
21,220,"can","can",0,16,"kæn",3
21,221,"clock","clock",0,7,"klɑk",4
21,222,"comb","comb",0,11,"koʊm",4
21,224,"dish","dish",0,16,"dɪʃ",3
21,225,"fork","fork",0,3,"fɔɹk",4
21,226,"garbage","garbage",0,1,"ɡɑɹbɪdʒ",7
21,227,"glass","glass",0,7,"ɡlæs",4
21,228,"glasses","glasses",0,2,"ɡlæsɪz",6
21,229,"hammer","hammer",0,6,"hæmɚ",4
21,230,"jar","jar",0,9,"dʒɑɹ",4
21,231,"keys","keys",0,14,"kiz",3
21,232,"knife","knife",0,5,"naɪf",4
21,233,"lamp","lamp",0,4,"læmp",4
21,235,"medicine","medicine",0,2,"mɛdsən",6
21,236,"money","money",0,9,"mʌni",4
21,237,"mop","mop",0,12,"mɑp",3
21,238,"nail","nails",0,7,"neɪl",4
21,239,"napkin","napkin",0,1,"næpkɪn",6
21,240,"paper","paper",0,4,"peɪpɚ",5
21,241,"penny","penny",0,8,"pɛni",4
21,242,"picture","picture",0,1,"pɪktʃɚ",6
21,243,"pillow","pillow",0,1,"pɪloʊ",5
21,244,"plant","plant",0,4,"plænt",5
21,245,"plate","plate",0,3,"pleɪt",5
21,246,"purse","purse",0,12,"pɜs",3
21,247,"radio","radio",0,1,"ɹeɪdɪoʊ",7
21,248,"scissors","scissors",0,1,"sɪsɚz",5
21,249,"soap","soap",0,14,"soʊp",4
21,251,"tape","tape",0,10,"teɪp",4
21,252,"telephone","telephone",1,1,"tɛlɪfoʊn",8
21,253,"tissue","tissue",0,7,"tɪʃu",4
21,254,"toothbrush","toothbrush",0,1,"tuθbɹʌʃ",7
21,255,"towel","towel",0,2,"taʊəL",5
21,256,"trash","trash",0,5,"tɹæʃ",4
21,258,"vacuum","vacuum",0,1,"vækjum",6
21,260,"watch","watch",0,1,"wɑtʃ",4
21,262,"bathroom","bathroom",0,3,"bæθɹum",6
21,263,"bathtub","bathtub",0,1,"bæθtʌb",6
21,265,"bedroom","bedroom",0,3,"bɛdɹum",6
21,267,"chair","chair",1,7,"tʃɛɹ",4
21,268,"closet","closet",0,1,"klɑzɪt",6
21,269,"couch","couch",0,3,"kaʊtʃ",5
21,270,"crib","crib",0,3,"kɹɪb",4
21,272,"drawer","drawer",0,5,"dɹɔɹ",4
21,273,"dryer","dryer",0,1,"dɹaɪɚ",5
21,274,"garage","garage",0,1,"ɡɐɹɑʒ",5
21,275,"high chair","high chair",0,1,"haɪtʃɛɹ",7
21,276,"kitchen","kitchen",0,1,"kɪtʃən",6
21,277,"living room","living room",0,1,"lɪvɪŋɹum",8
21,278,"oven","oven",0,3,"ʌvən",4
21,281,"potty","potty",1,4,"pɑɾi",4
21,282,"rocking chair","rocking chair",0,1,"ɹɑkɪŋtʃɛɹ",9
21,283,"refrigerator","refrigerator",0,1,"ɹɪfɹɪdʒɚɹeɪɾɚ",13
21,284,"room","room",0,15,"ɹum",3
21,285,"shower","shower",0,6,"ʃaʊɚ",4
21,286,"sink","sink",0,6,"sɪŋk",4
21,288,"stairs","stairs",0,3,"stɛɹz",5
21,289,"stove","stove",0,5,"stoʊv",5
21,290,"table","table",0,1,"teɪbəL",6
21,291,"TV","tv",0,4,"tivi",4
21,292,"window","window",0,2,"wɪndoʊ",6
21,293,"washing machine","washing machine",0,1,"wɑʃɪŋməʃin",10
21,294,"backyard","yard",0,1,"bækjɑɹd",7
21,295,"cloud","cloud",0,4,"klaʊd",5
21,296,"flag","flag",0,5,"flæɡ",4
21,298,"garden","garden",0,1,"ɡɑɹdən",6
21,299,"grass","grass",0,5,"ɡɹæs",4
21,300,"hose","hose",0,10,"hoʊz",4
21,301,"ladder","ladder",0,4,"lædɚ",4
21,302,"lawn mower","lawn mower",0,1,"lɔnmoʊɚ",7
21,303,"moon","moon",1,17,"mun",3
21,304,"pool","pool",0,18,"pul",3
21,305,"rain","rain",0,10,"ɹeɪn",4
21,306,"rock","rock",0,15,"ɹɑk",3
21,307,"roof","roof",0,12,"ɹuf",3
21,308,"sandbox","sandbox",0,1,"sændbɑks",8
21,309,"shovel","shovel",0,3,"ʃʌvəL",5
21,310,"sidewalk","sidewalk",0,1,"saɪdwɔk",7
21,311,"sky","sky",0,4,"skaɪ",4
21,312,"slide","slide",0,5,"slaɪd",5
21,313,"snow","snow",0,5,"snoʊ",4
21,314,"snowman","snowman",0,1,"snoʊmən",7
21,315,"sprinkler","sprinkler",0,1,"spɹɪŋklɚ",8
21,316,"star","star",0,7,"stɑɹ",4
21,317,"stick","stick",0,6,"stɪk",4
21,319,"street","street",0,3,"stɹit",5
21,320,"sun","sun",0,16,"sʌn",3
21,321,"swing","swing",0,3,"swɪŋ",4
21,324,"wind","wind",0,3,"wɪnd",4
22,13,"alligator","alligator",0,1,"ælɪɡeɪɾɚ",8
22,14,"animal","animal",0,1,"ænɪməL",6
22,15,"ant","ant",0,12,"ænt",3
22,17,"bee","bee",1,24,"bi",2
22,21,"butterfly","butterfly",0,1,"bʌɾɚflaɪ",8
22,23,"chicken","chicken",1,10,"tʃɪkɪn",6
22,25,"deer","deer",0,20,"dɪɹ",3
22,27,"donkey","donkey",0,1,"dɑŋki",5
22,29,"elephant","elephant",1,1,"ɛlɪfənt",7
22,31,"frog","frog",1,4,"fɹɑɡ",4
22,32,"giraffe","giraffe",0,1,"dʒɪɹæf",6
22,33,"goose","goose",0,20,"ɡus",3
22,37,"lamb","lamb",0,14,"læm",3
22,38,"lion","lion",0,1,"laɪəɹn",6
22,39,"monkey","monkey",1,3,"mʌnki",5
22,40,"moose","moose",0,19,"mus",3
22,41,"mouse","mouse",1,7,"maʊs",4
22,42,"owl","owl",1,15,"aʊl",3
22,43,"penguin","penguin",0,1,"pɛŋɡwɪn",7
22,44,"pig","pig",1,19,"pɪɡ",3
22,45,"pony","pony",0,3,"poʊni",5
22,47,"rooster","rooster",0,1,"ɹustɚ",5
22,48,"sheep","sheep",0,13,"ʃip",3
22,49,"squirrel","squirrel",0,1,"skwɪɹəL",7
22,50,"teddybear","teddybear",0,1,"tɛdɪbɛɹ",7
22,51,"tiger","tiger",0,1,"taɪɡɚ",5
22,52,"turkey","turkey",0,5,"tɜki",4
22,53,"turtle","turtle",0,3,"tɜɾəL",5
22,54,"wolf","wolf",0,2,"wʊlf",4
22,55,"zebra","zebra",0,1,"zibɹə",5
22,61,"firetruck","firetruck",0,1,"faɪəɹtɹʌk",9
22,62,"helicopter","helicopter",0,1,"hɛlɪkɑptɚ",9
22,63,"motorcycle","motorcycle",0,1,"moʊɾəsaɪkəL",11
22,64,"sled","sled",0,6,"slɛd",4
22,65,"stroller","stroller",0,1,"stɹoʊlɚ",7
22,66,"tractor","tractor",0,2,"tɹæktɚ",6
22,67,"train","train",1,5,"tɹeɪn",5
22,68,"tricycle","tricycle",0,1,"tɹaɪsaɪkəL",10
22,72,"bat","bat",0,21,"bæt",3
22,73,"block","block",1,6,"blɑk",4
22,76,"chalk","chalk",0,7,"tʃɔk",4
22,77,"crayon","crayon",1,3,"kɹeɪɑn",6
22,78,"doll","doll",1,15,"dɑl",3
22,79,"game","game",0,7,"ɡeɪm",4
22,80,"glue","glue",0,5,"ɡlu",3
22,81,"pen","pen",0,16,"pɛn",3
22,82,"pencil","pencil",0,1,"pɛnsɪl",6
22,83,"play dough","play dough",0,1,"pleɪdoʊ",7
22,84,"present","present",0,1,"pɹɛzənt",7
22,85,"puzzle","puzzle",0,3,"pʌzəL",5
22,86,"story","story",0,6,"stoɹi",5
22,89,"applesauce","applesauce",0,1,"æpəLsɔs",7
22,91,"beans","beans",0,7,"binz",4
22,92,"bread","bread",1,9,"bɹɛd",4
22,93,"butter","butter",0,9,"bʌɾɚ",4
22,94,"cake","cake",1,10,"keɪk",4
22,95,"candy","candy",0,3,"kændi",5
22,96,"carrots","carrots",0,1,"kæɹəts",6
22,97,"cereal","cereal",1,1,"siəɹɪəL",7
22,98,"cheerios","cheerios",0,1,"tʃɪɹɪoʊz",8
22,100,"chicken","chicken",1,10,"tʃɪkɪn",6
22,101,"chocolate","chocolate",0,1,"tʃɑklət",7
22,102,"coffee","coffee",0,4,"kɔfi",4
22,103,"coke","coke",0,15,"koʊk",4
22,105,"corn","corn",0,6,"kɔɹn",4
22,107,"donut","donut",0,1,"doʊnʌt",6
22,109,"egg","egg",1,15,"ɛɡ",2
22,110,"fish","fish",1,30,"fɪʃ",3
22,111,"food","food",0,18,"fud",3
22,112,"french fries","french fries",0,1,"fɹɛntʃfɹaɪz",11
22,113,"grapes","grapes",1,1,"ɡɹeɪps",6
22,114,"green beans","green beans",0,1,"ɡɹinbinz",8
22,115,"gum","gum",0,14,"ɡʌm",3
22,116,"hamburger","hamburger",0,1,"hæmbɜɡɚ",7
22,117,"ice","ice",1,22,"aɪs",3
22,118,"ice cream","ice cream",1,1,"aɪskɹim",7
22,119,"jello","jello",0,2,"dʒɛloʊ",6
22,120,"jelly","jelly",0,2,"dʒɛli",5
22,122,"lollipop","lollipop",0,1,"lɑlɪpɑp",7
22,123,"meat","meat",0,15,"mit",3
22,124,"melon","melon",0,2,"mɛlən",5
22,126,"muffin","muffin",0,1,"mʌfɪn",5
22,127,"noodles","pasta",0,1,"nudəLz",6
22,128,"nuts","nuts",0,3,"nʌts",4
22,129,"orange","orange",1,1,"ɔɹɪndʒ",6
22,130,"pancake","pancake",0,1,"pænkeɪk",7
22,131,"peas","peas",0,13,"piz",3
22,132,"peanut butter","peanut butter",0,1,"pinʌtbʌɾɚ",9
22,133,"pickle","pickle",0,3,"pɪkəL",5
22,134,"pizza","pizza",1,1,"pitsə",5
22,135,"popcorn","popcorn",0,1,"pɑpkɔɹn",7
22,136,"popsicle","popsicle",0,1,"pɑpsɪkəL",8
22,137,"potato chip","chips",0,1,"pəteɪɾoʊtʃɪp",12
22,138,"potato","potato",0,1,"pəteɪɾoʊ",8
22,139,"pretzel","pretzel",0,1,"pɹɪtsɛl",7
22,140,"pudding","pudding",0,1,"pʊdɪŋ",5
22,141,"pumpkin","pumpkin",0,1,"pʌmpkɪn",7
22,142,"raisin","raisin",0,2,"ɹeɪzən",6
22,143,"salt","salt",0,4,"sɑlt",4
22,144,"sandwich","sandwich",0,1,"sændwɪtʃ",8
22,145,"sauce","sauce",0,12,"sɔs",3
22,146,"soda","soda",0,2,"soʊdə",5
22,147,"soup","soup",0,18,"sup",3
22,148,"spaghetti","pasta",0,1,"spæɡɛɾi",7
22,149,"strawberry","strawberry",0,1,"stɹɔbɛɹi",8
22,150,"toast","toast",0,4,"toʊst",5
22,153,"vitamins","vitamins",0,1,"vaɪɾəmɪnz",9
22,155,"yogurt","yogurt",1,1,"jɑɡɜt",5
22,156,"beads","beads",0,7,"bidz",4
22,157,"belt","belt",0,7,"bɛlt",4
22,158,"bib","bib",0,21,"bɪb",3
22,159,"boots","boots",1,7,"buts",4
22,160,"button","button",1,5,"bʌɾən",5
22,161,"coat","coat",1,15,"koʊt",4
22,163,"dress","dress",0,5,"dɹɛs",4
22,164,"gloves","gloves",0,1,"ɡlʌvz",5
22,166,"jacket","jacket",0,1,"dʒækɪt",6
22,167,"jeans","jeans",0,2,"dʒinz",5
22,168,"mittens","mittens",0,1,"mɪɾənz",6
22,169,"necklace","necklace",0,1,"nɛkləs",6
22,170,"pajamas","pajamas",0,1,"pædʒɑməz",8
22,171,"pants","pants",1,4,"pænts",5
22,173,"shirt","shirt",1,11,"ʃɜt",3
22,175,"shorts","shorts",0,2,"ʃɔɹts",5
22,176,"slipper","slipper",0,4,"slɪpɚ",5
22,179,"sock","sock",1,18,"sɑk",3
22,180,"sweater","sweater",1,5,"swɛɾɚ",5
22,182,"underpants","underpants",0,1,"ʌndɚpænts",9
22,183,"zipper","zipper",0,4,"zɪpɚ",4
22,184,"ankle","ankle",0,3,"æŋkəL",5
22,187,"buttocks","butt",1,2,"bʌɾəks",6
22,188,"cheek","cheek",1,8,"tʃik",4
22,189,"chin","chin",0,13,"tʃɪn",4
22,192,"face","face",0,11,"feɪs",4
22,194,"foot","foot",1,17,"fʊt",3
22,198,"knee","knee",1,16,"ni",2
22,199,"leg","leg",1,13,"lɛɡ",3
22,200,"lips","lips",0,4,"lɪps",4
22,204,"penis","penis",0,2,"pinɪs",5
22,205,"shoulder","shoulder",0,1,"ʃoʊldɚ",6
22,207,"tongue","tongue",1,13,"tʌŋ",3
22,208,"tooth","tooth",1,14,"tuθ",3
22,209,"tummy","tummy",1,9,"tʌmi",4
22,211,"basket","basket",0,3,"bæskɪt",6
22,214,"bowl","bowl",0,13,"boʊl",4
22,215,"box","box",1,7,"bɑks",4
22,216,"broom","broom",0,8,"bɹum",4
22,217,"brush","brush",1,7,"bɹʌʃ",4
22,218,"bucket","bucket",0,2,"bʌkɪt",5
22,219,"camera","camera",0,1,"kæmɚɹə",6
22,220,"can","can",0,16,"kæn",3
22,221,"clock","clock",0,7,"klɑk",4
22,222,"comb","comb",0,11,"koʊm",4
22,224,"dish","dish",0,16,"dɪʃ",3
22,225,"fork","fork",1,3,"fɔɹk",4
22,226,"garbage","garbage",0,1,"ɡɑɹbɪdʒ",7
22,227,"glass","glass",0,7,"ɡlæs",4
22,228,"glasses","glasses",0,2,"ɡlæsɪz",6
22,229,"hammer","hammer",0,6,"hæmɚ",4
22,230,"jar","jar",0,9,"dʒɑɹ",4
22,231,"keys","keys",0,14,"kiz",3
22,232,"knife","knife",0,5,"naɪf",4
22,233,"lamp","lamp",0,4,"læmp",4
22,235,"medicine","medicine",0,2,"mɛdsən",6
22,236,"money","money",0,9,"mʌni",4
22,237,"mop","mop",0,12,"mɑp",3
22,238,"nail","nails",0,7,"neɪl",4
22,239,"napkin","napkin",0,1,"næpkɪn",6
22,240,"paper","paper",1,4,"peɪpɚ",5
22,241,"penny","penny",0,8,"pɛni",4
22,242,"picture","picture",0,1,"pɪktʃɚ",6
22,243,"pillow","pillow",1,1,"pɪloʊ",5
22,244,"plant","plant",0,4,"plænt",5
22,245,"plate","plate",0,3,"pleɪt",5
22,246,"purse","purse",0,12,"pɜs",3
22,247,"radio","radio",0,1,"ɹeɪdɪoʊ",7
22,248,"scissors","scissors",0,1,"sɪsɚz",5
22,249,"soap","soap",1,14,"soʊp",4
22,251,"tape","tape",0,10,"teɪp",4
22,253,"tissue","tissue",0,7,"tɪʃu",4
22,254,"toothbrush","toothbrush",1,1,"tuθbɹʌʃ",7
22,255,"towel","towel",0,2,"taʊəL",5
22,256,"trash","trash",0,5,"tɹæʃ",4
22,258,"vacuum","vacuum",0,1,"vækjum",6
22,260,"watch","watch",0,1,"wɑtʃ",4
22,262,"bathroom","bathroom",0,3,"bæθɹum",6
22,263,"bathtub","bathtub",1,1,"bæθtʌb",6
22,265,"bedroom","bedroom",0,3,"bɛdɹum",6
22,268,"closet","closet",0,1,"klɑzɪt",6
22,269,"couch","couch",0,3,"kaʊtʃ",5
22,270,"crib","crib",0,3,"kɹɪb",4
22,272,"drawer","drawer",0,5,"dɹɔɹ",4
22,273,"dryer","dryer",0,1,"dɹaɪɚ",5
22,274,"garage","garage",0,1,"ɡɐɹɑʒ",5
22,275,"high chair","high chair",0,1,"haɪtʃɛɹ",7
22,276,"kitchen","kitchen",0,1,"kɪtʃən",6
22,277,"living room","living room",0,1,"lɪvɪŋɹum",8
22,278,"oven","oven",0,3,"ʌvən",4
22,282,"rocking chair","rocking chair",0,1,"ɹɑkɪŋtʃɛɹ",9
22,283,"refrigerator","refrigerator",0,1,"ɹɪfɹɪdʒɚɹeɪɾɚ",13
22,284,"room","room",0,15,"ɹum",3
22,285,"shower","shower",0,6,"ʃaʊɚ",4
22,286,"sink","sink",0,6,"sɪŋk",4
22,288,"stairs","stairs",0,3,"stɛɹz",5
22,289,"stove","stove",0,5,"stoʊv",5
22,290,"table","table",0,1,"teɪbəL",6
22,291,"TV","tv",1,4,"tivi",4
22,292,"window","window",0,2,"wɪndoʊ",6
22,293,"washing machine","washing machine",0,1,"wɑʃɪŋməʃin",10
22,294,"backyard","yard",0,1,"bækjɑɹd",7
22,295,"cloud","cloud",0,4,"klaʊd",5
22,296,"flag","flag",0,5,"flæɡ",4
22,298,"garden","garden",0,1,"ɡɑɹdən",6
22,299,"grass","grass",0,5,"ɡɹæs",4
22,300,"hose","hose",0,10,"hoʊz",4
22,301,"ladder","ladder",0,4,"lædɚ",4
22,302,"lawn mower","lawn mower",0,1,"lɔnmoʊɚ",7
22,304,"pool","pool",0,18,"pul",3
22,305,"rain","rain",1,10,"ɹeɪn",4
22,306,"rock","rock",1,15,"ɹɑk",3
22,307,"roof","roof",0,12,"ɹuf",3
22,308,"sandbox","sandbox",0,1,"sændbɑks",8
22,309,"shovel","shovel",0,3,"ʃʌvəL",5
22,310,"sidewalk","sidewalk",0,1,"saɪdwɔk",7
22,311,"sky","sky",0,4,"skaɪ",4
22,312,"slide","slide",1,5,"slaɪd",5
22,313,"snow","snow",0,5,"snoʊ",4
22,314,"snowman","snowman",0,1,"snoʊmən",7
22,315,"sprinkler","sprinkler",0,1,"spɹɪŋklɚ",8
22,316,"star","star",1,7,"stɑɹ",4
22,317,"stick","stick",0,6,"stɪk",4
22,319,"street","street",0,3,"stɹit",5
22,320,"sun","sun",0,16,"sʌn",3
22,321,"swing","swing",1,3,"swɪŋ",4
22,324,"wind","wind",0,3,"wɪnd",4
23,13,"alligator","alligator",0,1,"ælɪɡeɪɾɚ",8
23,14,"animal","animal",0,1,"ænɪməL",6
23,15,"ant","ant",0,12,"ænt",3
23,21,"butterfly","butterfly",1,1,"bʌɾɚflaɪ",8
23,25,"deer","deer",0,20,"dɪɹ",3
23,27,"donkey","donkey",0,1,"dɑŋki",5
23,32,"giraffe","giraffe",0,1,"dʒɪɹæf",6
23,33,"goose","goose",0,20,"ɡus",3
23,37,"lamb","lamb",0,14,"læm",3
23,38,"lion","lion",1,1,"laɪəɹn",6
23,40,"moose","moose",0,19,"mus",3
23,43,"penguin","penguin",0,1,"pɛŋɡwɪn",7
23,45,"pony","pony",0,3,"poʊni",5
23,47,"rooster","rooster",0,1,"ɹustɚ",5
23,48,"sheep","sheep",1,13,"ʃip",3
23,49,"squirrel","squirrel",0,1,"skwɪɹəL",7
23,50,"teddybear","teddybear",1,1,"tɛdɪbɛɹ",7
23,51,"tiger","tiger",1,1,"taɪɡɚ",5
23,52,"turkey","turkey",0,5,"tɜki",4
23,53,"turtle","turtle",1,3,"tɜɾəL",5
23,54,"wolf","wolf",0,2,"wʊlf",4
23,55,"zebra","zebra",0,1,"zibɹə",5
23,61,"firetruck","firetruck",0,1,"faɪəɹtɹʌk",9
23,62,"helicopter","helicopter",0,1,"hɛlɪkɑptɚ",9
23,63,"motorcycle","motorcycle",0,1,"moʊɾəsaɪkəL",11
23,64,"sled","sled",0,6,"slɛd",4
23,65,"stroller","stroller",0,1,"stɹoʊlɚ",7
23,66,"tractor","tractor",0,2,"tɹæktɚ",6
23,68,"tricycle","tricycle",0,1,"tɹaɪsaɪkəL",10
23,72,"bat","bat",0,21,"bæt",3
23,76,"chalk","chalk",0,7,"tʃɔk",4
23,79,"game","game",0,7,"ɡeɪm",4
23,80,"glue","glue",0,5,"ɡlu",3
23,81,"pen","pen",1,16,"pɛn",3
23,82,"pencil","pencil",0,1,"pɛnsɪl",6
23,83,"play dough","play dough",0,1,"pleɪdoʊ",7
23,84,"present","present",0,1,"pɹɛzənt",7
23,85,"puzzle","puzzle",0,3,"pʌzəL",5
23,86,"story","story",0,6,"stoɹi",5
23,89,"applesauce","applesauce",0,1,"æpəLsɔs",7
23,91,"beans","beans",0,7,"binz",4
23,93,"butter","butter",0,9,"bʌɾɚ",4
23,95,"candy","candy",1,3,"kændi",5
23,96,"carrots","carrots",0,1,"kæɹəts",6
23,98,"cheerios","cheerios",1,1,"tʃɪɹɪoʊz",8
23,101,"chocolate","chocolate",0,1,"tʃɑklət",7
23,102,"coffee","coffee",0,4,"kɔfi",4
23,103,"coke","coke",0,15,"koʊk",4
23,105,"corn","corn",0,6,"kɔɹn",4
23,107,"donut","donut",0,1,"doʊnʌt",6
23,111,"food","food",1,18,"fud",3
23,112,"french fries","french fries",1,1,"fɹɛntʃfɹaɪz",11
23,114,"green beans","green beans",0,1,"ɡɹinbinz",8
23,115,"gum","gum",0,14,"ɡʌm",3
23,116,"hamburger","hamburger",0,1,"hæmbɜɡɚ",7
23,119,"jello","jello",0,2,"dʒɛloʊ",6
23,120,"jelly","jelly",0,2,"dʒɛli",5
23,122,"lollipop","lollipop",0,1,"lɑlɪpɑp",7
23,123,"meat","meat",0,15,"mit",3
23,124,"melon","melon",0,2,"mɛlən",5
23,126,"muffin","muffin",0,1,"mʌfɪn",5
23,127,"noodles","pasta",0,1,"nudəLz",6
23,128,"nuts","nuts",0,3,"nʌts",4
23,130,"pancake","pancake",1,1,"pænkeɪk",7
23,131,"peas","peas",0,13,"piz",3
23,132,"peanut butter","peanut butter",0,1,"pinʌtbʌɾɚ",9
23,133,"pickle","pickle",0,3,"pɪkəL",5
23,135,"popcorn","popcorn",0,1,"pɑpkɔɹn",7
23,136,"popsicle","popsicle",0,1,"pɑpsɪkəL",8
23,137,"potato chip","chips",0,1,"pəteɪɾoʊtʃɪp",12
23,138,"potato","potato",0,1,"pəteɪɾoʊ",8
23,139,"pretzel","pretzel",0,1,"pɹɪtsɛl",7
23,140,"pudding","pudding",0,1,"pʊdɪŋ",5
23,141,"pumpkin","pumpkin",0,1,"pʌmpkɪn",7
23,142,"raisin","raisin",0,2,"ɹeɪzən",6
23,143,"salt","salt",0,4,"sɑlt",4
23,144,"sandwich","sandwich",0,1,"sændwɪtʃ",8
23,145,"sauce","sauce",0,12,"sɔs",3
23,146,"soda","soda",0,2,"soʊdə",5
23,147,"soup","soup",0,18,"sup",3
23,148,"spaghetti","pasta",0,1,"spæɡɛɾi",7
23,149,"strawberry","strawberry",1,1,"stɹɔbɛɹi",8
23,150,"toast","toast",1,4,"toʊst",5
23,153,"vitamins","vitamins",0,1,"vaɪɾəmɪnz",9
23,156,"beads","beads",0,7,"bidz",4
23,157,"belt","belt",0,7,"bɛlt",4
23,158,"bib","bib",1,21,"bɪb",3
23,163,"dress","dress",0,5,"dɹɛs",4
23,164,"gloves","gloves",0,1,"ɡlʌvz",5
23,166,"jacket","jacket",1,1,"dʒækɪt",6
23,167,"jeans","jeans",0,2,"dʒinz",5
23,168,"mittens","mittens",0,1,"mɪɾənz",6
23,169,"necklace","necklace",0,1,"nɛkləs",6
23,170,"pajamas","pajamas",1,1,"pædʒɑməz",8
23,175,"shorts","shorts",0,2,"ʃɔɹts",5
23,176,"slipper","slipper",0,4,"slɪpɚ",5
23,182,"underpants","underpants",0,1,"ʌndɚpænts",9
23,183,"zipper","zipper",0,4,"zɪpɚ",4
23,184,"ankle","ankle",0,3,"æŋkəL",5
23,189,"chin","chin",0,13,"tʃɪn",4
23,192,"face","face",1,11,"feɪs",4
23,200,"lips","lips",0,4,"lɪps",4
23,204,"penis","penis",0,2,"pinɪs",5
23,205,"shoulder","shoulder",0,1,"ʃoʊldɚ",6
23,211,"basket","basket",0,3,"bæskɪt",6
23,214,"bowl","bowl",1,13,"boʊl",4
23,216,"broom","broom",1,8,"bɹum",4
23,218,"bucket","bucket",0,2,"bʌkɪt",5
23,219,"camera","camera",0,1,"kæmɚɹə",6
23,220,"can","can",0,16,"kæn",3
23,221,"clock","clock",1,7,"klɑk",4
23,222,"comb","comb",0,11,"koʊm",4
23,224,"dish","dish",0,16,"dɪʃ",3
23,226,"garbage","garbage",0,1,"ɡɑɹbɪdʒ",7
23,227,"glass","glass",0,7,"ɡlæs",4
23,228,"glasses","glasses",1,2,"ɡlæsɪz",6
23,229,"hammer","hammer",0,6,"hæmɚ",4
23,230,"jar","jar",0,9,"dʒɑɹ",4
23,231,"keys","keys",0,14,"kiz",3
23,232,"knife","knife",0,5,"naɪf",4
23,233,"lamp","lamp",0,4,"læmp",4
23,235,"medicine","medicine",0,2,"mɛdsən",6
23,236,"money","money",1,9,"mʌni",4
23,237,"mop","mop",0,12,"mɑp",3
23,238,"nail","nails",0,7,"neɪl",4
23,239,"napkin","napkin",0,1,"næpkɪn",6
23,241,"penny","penny",0,8,"pɛni",4
23,242,"picture","picture",0,1,"pɪktʃɚ",6
23,244,"plant","plant",0,4,"plænt",5
23,245,"plate","plate",1,3,"pleɪt",5
23,246,"purse","purse",0,12,"pɜs",3
23,247,"radio","radio",0,1,"ɹeɪdɪoʊ",7
23,248,"scissors","scissors",0,1,"sɪsɚz",5
23,251,"tape","tape",0,10,"teɪp",4
23,253,"tissue","tissue",0,7,"tɪʃu",4
23,255,"towel","towel",1,2,"taʊəL",5
23,256,"trash","trash",0,5,"tɹæʃ",4
23,258,"vacuum","vacuum",0,1,"vækjum",6
23,260,"watch","watch",0,1,"wɑtʃ",4
23,262,"bathroom","bathroom",1,3,"bæθɹum",6
23,265,"bedroom","bedroom",0,3,"bɛdɹum",6
23,268,"closet","closet",0,1,"klɑzɪt",6
23,269,"couch","couch",0,3,"kaʊtʃ",5
23,270,"crib","crib",0,3,"kɹɪb",4
23,272,"drawer","drawer",0,5,"dɹɔɹ",4
23,273,"dryer","dryer",0,1,"dɹaɪɚ",5
23,274,"garage","garage",0,1,"ɡɐɹɑʒ",5
23,275,"high chair","high chair",0,1,"haɪtʃɛɹ",7
23,276,"kitchen","kitchen",1,1,"kɪtʃən",6
23,277,"living room","living room",0,1,"lɪvɪŋɹum",8
23,278,"oven","oven",0,3,"ʌvən",4
23,282,"rocking chair","rocking chair",0,1,"ɹɑkɪŋtʃɛɹ",9
23,283,"refrigerator","refrigerator",0,1,"ɹɪfɹɪdʒɚɹeɪɾɚ",13
23,284,"room","room",0,15,"ɹum",3
23,285,"shower","shower",0,6,"ʃaʊɚ",4
23,286,"sink","sink",0,6,"sɪŋk",4
23,288,"stairs","stairs",0,3,"stɛɹz",5
23,289,"stove","stove",0,5,"stoʊv",5
23,290,"table","table",1,1,"teɪbəL",6
23,292,"window","window",0,2,"wɪndoʊ",6
23,293,"washing machine","washing machine",0,1,"wɑʃɪŋməʃin",10
23,294,"backyard","yard",0,1,"bækjɑɹd",7
23,295,"cloud","cloud",0,4,"klaʊd",5
23,296,"flag","flag",0,5,"flæɡ",4
23,298,"garden","garden",0,1,"ɡɑɹdən",6
23,299,"grass","grass",1,5,"ɡɹæs",4
23,300,"hose","hose",0,10,"hoʊz",4
23,301,"ladder","ladder",0,4,"lædɚ",4
23,302,"lawn mower","lawn mower",0,1,"lɔnmoʊɚ",7
23,304,"pool","pool",0,18,"pul",3
23,307,"roof","roof",0,12,"ɹuf",3
23,308,"sandbox","sandbox",0,1,"sændbɑks",8
23,309,"shovel","shovel",0,3,"ʃʌvəL",5
23,310,"sidewalk","sidewalk",0,1,"saɪdwɔk",7
23,311,"sky","sky",0,4,"skaɪ",4
23,313,"snow","snow",0,5,"snoʊ",4
23,314,"snowman","snowman",0,1,"snoʊmən",7
23,315,"sprinkler","sprinkler",0,1,"spɹɪŋklɚ",8
23,317,"stick","stick",0,6,"stɪk",4
23,319,"street","street",0,3,"stɹit",5
23,320,"sun","sun",1,16,"sʌn",3
23,324,"wind","wind",0,3,"wɪnd",4
24,13,"alligator","alligator",0,1,"ælɪɡeɪɾɚ",8
24,14,"animal","animal",1,1,"ænɪməL",6
24,15,"ant","ant",0,12,"ænt",3
24,25,"deer","deer",0,20,"dɪɹ",3
24,27,"donkey","donkey",0,1,"dɑŋki",5
24,32,"giraffe","giraffe",1,1,"dʒɪɹæf",6
24,33,"goose","goose",0,20,"ɡus",3
24,37,"lamb","lamb",0,14,"læm",3
24,40,"moose","moose",0,19,"mus",3
24,43,"penguin","penguin",0,1,"pɛŋɡwɪn",7
24,45,"pony","pony",0,3,"poʊni",5
24,47,"rooster","rooster",0,1,"ɹustɚ",5
24,49,"squirrel","squirrel",0,1,"skwɪɹəL",7
24,52,"turkey","turkey",0,5,"tɜki",4
24,54,"wolf","wolf",0,2,"wʊlf",4
24,55,"zebra","zebra",1,1,"zibɹə",5
24,61,"firetruck","firetruck",1,1,"faɪəɹtɹʌk",9
24,62,"helicopter","helicopter",0,1,"hɛlɪkɑptɚ",9
24,63,"motorcycle","motorcycle",0,1,"moʊɾəsaɪkəL",11
24,64,"sled","sled",0,6,"slɛd",4
24,65,"stroller","stroller",0,1,"stɹoʊlɚ",7
24,66,"tractor","tractor",0,2,"tɹæktɚ",6
24,68,"tricycle","tricycle",0,1,"tɹaɪsaɪkəL",10
24,72,"bat","bat",0,21,"bæt",3
24,76,"chalk","chalk",0,7,"tʃɔk",4
24,79,"game","game",0,7,"ɡeɪm",4
24,80,"glue","glue",0,5,"ɡlu",3
24,82,"pencil","pencil",0,1,"pɛnsɪl",6
24,83,"play dough","play dough",0,1,"pleɪdoʊ",7
24,84,"present","present",1,1,"pɹɛzənt",7
24,85,"puzzle","puzzle",1,3,"pʌzəL",5
24,86,"story","story",1,6,"stoɹi",5
24,89,"applesauce","applesauce",0,1,"æpəLsɔs",7
24,91,"beans","beans",1,7,"binz",4
24,93,"butter","butter",1,9,"bʌɾɚ",4
24,96,"carrots","carrots",1,1,"kæɹəts",6
24,101,"chocolate","chocolate",1,1,"tʃɑklət",7
24,102,"coffee","coffee",1,4,"kɔfi",4
24,103,"coke","coke",0,15,"koʊk",4
24,105,"corn","corn",1,6,"kɔɹn",4
24,107,"donut","donut",0,1,"doʊnʌt",6
24,114,"green beans","green beans",0,1,"ɡɹinbinz",8
24,115,"gum","gum",0,14,"ɡʌm",3
24,116,"hamburger","hamburger",0,1,"hæmbɜɡɚ",7
24,119,"jello","jello",0,2,"dʒɛloʊ",6
24,120,"jelly","jelly",0,2,"dʒɛli",5
24,122,"lollipop","lollipop",0,1,"lɑlɪpɑp",7
24,123,"meat","meat",0,15,"mit",3
24,124,"melon","melon",0,2,"mɛlən",5
24,126,"muffin","muffin",0,1,"mʌfɪn",5
24,127,"noodles","pasta",1,1,"nudəLz",6
24,128,"nuts","nuts",0,3,"nʌts",4
24,131,"peas","peas",1,13,"piz",3
24,132,"peanut butter","peanut butter",0,1,"pinʌtbʌɾɚ",9
24,133,"pickle","pickle",0,3,"pɪkəL",5
24,135,"popcorn","popcorn",1,1,"pɑpkɔɹn",7
24,136,"popsicle","popsicle",0,1,"pɑpsɪkəL",8
24,137,"potato chip","chips",1,1,"pəteɪɾoʊtʃɪp",12
24,138,"potato","potato",0,1,"pəteɪɾoʊ",8
24,139,"pretzel","pretzel",0,1,"pɹɪtsɛl",7
24,140,"pudding","pudding",0,1,"pʊdɪŋ",5
24,141,"pumpkin","pumpkin",0,1,"pʌmpkɪn",7
24,142,"raisin","raisin",1,2,"ɹeɪzən",6
24,143,"salt","salt",0,4,"sɑlt",4
24,144,"sandwich","sandwich",0,1,"sændwɪtʃ",8
24,145,"sauce","sauce",0,12,"sɔs",3
24,146,"soda","soda",0,2,"soʊdə",5
24,147,"soup","soup",0,18,"sup",3
24,148,"spaghetti","pasta",1,1,"spæɡɛɾi",7
24,153,"vitamins","vitamins",0,1,"vaɪɾəmɪnz",9
24,156,"beads","beads",0,7,"bidz",4
24,157,"belt","belt",0,7,"bɛlt",4
24,163,"dress","dress",0,5,"dɹɛs",4
24,164,"gloves","gloves",0,1,"ɡlʌvz",5
24,167,"jeans","jeans",0,2,"dʒinz",5
24,168,"mittens","mittens",0,1,"mɪɾənz",6
24,169,"necklace","necklace",0,1,"nɛkləs",6
24,175,"shorts","shorts",0,2,"ʃɔɹts",5
24,176,"slipper","slipper",0,4,"slɪpɚ",5
24,182,"underpants","underpants",0,1,"ʌndɚpænts",9
24,183,"zipper","zipper",1,4,"zɪpɚ",4
24,184,"ankle","ankle",0,3,"æŋkəL",5
24,189,"chin","chin",1,13,"tʃɪn",4
24,200,"lips","lips",0,4,"lɪps",4
24,204,"penis","penis",0,2,"pinɪs",5
24,205,"shoulder","shoulder",0,1,"ʃoʊldɚ",6
24,211,"basket","basket",0,3,"bæskɪt",6
24,218,"bucket","bucket",0,2,"bʌkɪt",5
24,219,"camera","camera",0,1,"kæmɚɹə",6
24,220,"can","can",0,16,"kæn",3
24,222,"comb","comb",0,11,"koʊm",4
24,224,"dish","dish",0,16,"dɪʃ",3
24,226,"garbage","garbage",0,1,"ɡɑɹbɪdʒ",7
24,227,"glass","glass",0,7,"ɡlæs",4
24,229,"hammer","hammer",0,6,"hæmɚ",4
24,230,"jar","jar",0,9,"dʒɑɹ",4
24,231,"keys","keys",1,14,"kiz",3
24,232,"knife","knife",0,5,"naɪf",4
24,233,"lamp","lamp",0,4,"læmp",4
24,235,"medicine","medicine",1,2,"mɛdsən",6
24,237,"mop","mop",0,12,"mɑp",3
24,238,"nail","nails",0,7,"neɪl",4
24,239,"napkin","napkin",1,1,"næpkɪn",6
24,241,"penny","penny",0,8,"pɛni",4
24,242,"picture","picture",1,1,"pɪktʃɚ",6
24,244,"plant","plant",0,4,"plænt",5
24,246,"purse","purse",1,12,"pɜs",3
24,247,"radio","radio",0,1,"ɹeɪdɪoʊ",7
24,248,"scissors","scissors",0,1,"sɪsɚz",5
24,251,"tape","tape",0,10,"teɪp",4
24,253,"tissue","tissue",1,7,"tɪʃu",4
24,256,"trash","trash",1,5,"tɹæʃ",4
24,258,"vacuum","vacuum",0,1,"vækjum",6
24,260,"watch","watch",1,1,"wɑtʃ",4
24,265,"bedroom","bedroom",0,3,"bɛdɹum",6
24,268,"closet","closet",0,1,"klɑzɪt",6
24,269,"couch","couch",1,3,"kaʊtʃ",5
24,270,"crib","crib",0,3,"kɹɪb",4
24,272,"drawer","drawer",0,5,"dɹɔɹ",4
24,273,"dryer","dryer",0,1,"dɹaɪɚ",5
24,274,"garage","garage",0,1,"ɡɐɹɑʒ",5
24,275,"high chair","high chair",0,1,"haɪtʃɛɹ",7
24,277,"living room","living room",0,1,"lɪvɪŋɹum",8
24,278,"oven","oven",0,3,"ʌvən",4
24,282,"rocking chair","rocking chair",0,1,"ɹɑkɪŋtʃɛɹ",9
24,283,"refrigerator","refrigerator",0,1,"ɹɪfɹɪdʒɚɹeɪɾɚ",13
24,284,"room","room",1,15,"ɹum",3
24,285,"shower","shower",1,6,"ʃaʊɚ",4
24,286,"sink","sink",0,6,"sɪŋk",4
24,288,"stairs","stairs",0,3,"stɛɹz",5
24,289,"stove","stove",0,5,"stoʊv",5
24,292,"window","window",0,2,"wɪndoʊ",6
24,293,"washing machine","washing machine",0,1,"wɑʃɪŋməʃin",10
24,294,"backyard","yard",0,1,"bækjɑɹd",7
24,295,"cloud","cloud",0,4,"klaʊd",5
24,296,"flag","flag",0,5,"flæɡ",4
24,298,"garden","garden",0,1,"ɡɑɹdən",6
24,300,"hose","hose",0,10,"hoʊz",4
24,301,"ladder","ladder",0,4,"lædɚ",4
24,302,"lawn mower","lawn mower",0,1,"lɔnmoʊɚ",7
24,304,"pool","pool",1,18,"pul",3
24,307,"roof","roof",0,12,"ɹuf",3
24,308,"sandbox","sandbox",0,1,"sændbɑks",8
24,309,"shovel","shovel",0,3,"ʃʌvəL",5
24,310,"sidewalk","sidewalk",0,1,"saɪdwɔk",7
24,311,"sky","sky",1,4,"skaɪ",4
24,313,"snow","snow",0,5,"snoʊ",4
24,314,"snowman","snowman",0,1,"snoʊmən",7
24,315,"sprinkler","sprinkler",0,1,"spɹɪŋklɚ",8
24,317,"stick","stick",1,6,"stɪk",4
24,319,"street","street",0,3,"stɹit",5
24,324,"wind","wind",0,3,"wɪnd",4
25,13,"alligator","alligator",1,1,"ælɪɡeɪɾɚ",8
25,15,"ant","ant",1,12,"ænt",3
25,25,"deer","deer",0,20,"dɪɹ",3
25,27,"donkey","donkey",0,1,"dɑŋki",5
25,33,"goose","goose",0,20,"ɡus",3
25,37,"lamb","lamb",0,14,"læm",3
25,40,"moose","moose",0,19,"mus",3
25,43,"penguin","penguin",0,1,"pɛŋɡwɪn",7
25,45,"pony","pony",0,3,"poʊni",5
25,47,"rooster","rooster",0,1,"ɹustɚ",5
25,49,"squirrel","squirrel",1,1,"skwɪɹəL",7
25,52,"turkey","turkey",0,5,"tɜki",4
25,54,"wolf","wolf",0,2,"wʊlf",4
25,62,"helicopter","helicopter",1,1,"hɛlɪkɑptɚ",9
25,63,"motorcycle","motorcycle",1,1,"moʊɾəsaɪkəL",11
25,64,"sled","sled",0,6,"slɛd",4
25,65,"stroller","stroller",1,1,"stɹoʊlɚ",7
25,66,"tractor","tractor",1,2,"tɹæktɚ",6
25,68,"tricycle","tricycle",0,1,"tɹaɪsaɪkəL",10
25,72,"bat","bat",0,21,"bæt",3
25,76,"chalk","chalk",0,7,"tʃɔk",4
25,79,"game","game",0,7,"ɡeɪm",4
25,80,"glue","glue",0,5,"ɡlu",3
25,82,"pencil","pencil",1,1,"pɛnsɪl",6
25,83,"play dough","play dough",0,1,"pleɪdoʊ",7
25,89,"applesauce","applesauce",0,1,"æpəLsɔs",7
25,103,"coke","coke",0,15,"koʊk",4
25,107,"donut","donut",0,1,"doʊnʌt",6
25,114,"green beans","green beans",0,1,"ɡɹinbinz",8
25,115,"gum","gum",0,14,"ɡʌm",3
25,116,"hamburger","hamburger",1,1,"hæmbɜɡɚ",7
25,119,"jello","jello",0,2,"dʒɛloʊ",6
25,120,"jelly","jelly",0,2,"dʒɛli",5
25,122,"lollipop","lollipop",0,1,"lɑlɪpɑp",7
25,123,"meat","meat",0,15,"mit",3
25,124,"melon","melon",0,2,"mɛlən",5
25,126,"muffin","muffin",0,1,"mʌfɪn",5
25,128,"nuts","nuts",0,3,"nʌts",4
25,132,"peanut butter","peanut butter",1,1,"pinʌtbʌɾɚ",9
25,133,"pickle","pickle",0,3,"pɪkəL",5
25,136,"popsicle","popsicle",1,1,"pɑpsɪkəL",8
25,138,"potato","potato",1,1,"pəteɪɾoʊ",8
25,139,"pretzel","pretzel",0,1,"pɹɪtsɛl",7
25,140,"pudding","pudding",0,1,"pʊdɪŋ",5
25,141,"pumpkin","pumpkin",0,1,"pʌmpkɪn",7
25,143,"salt","salt",0,4,"sɑlt",4
25,144,"sandwich","sandwich",1,1,"sændwɪtʃ",8
25,145,"sauce","sauce",0,12,"sɔs",3
25,146,"soda","soda",0,2,"soʊdə",5
25,147,"soup","soup",1,18,"sup",3
25,153,"vitamins","vitamins",0,1,"vaɪɾəmɪnz",9
25,156,"beads","beads",0,7,"bidz",4
25,157,"belt","belt",0,7,"bɛlt",4
25,163,"dress","dress",0,5,"dɹɛs",4
25,164,"gloves","gloves",0,1,"ɡlʌvz",5
25,167,"jeans","jeans",0,2,"dʒinz",5
25,168,"mittens","mittens",0,1,"mɪɾənz",6
25,169,"necklace","necklace",0,1,"nɛkləs",6
25,175,"shorts","shorts",1,2,"ʃɔɹts",5
25,176,"slipper","slipper",0,4,"slɪpɚ",5
25,182,"underpants","underpants",0,1,"ʌndɚpænts",9
25,184,"ankle","ankle",0,3,"æŋkəL",5
25,200,"lips","lips",1,4,"lɪps",4
25,204,"penis","penis",0,2,"pinɪs",5
25,205,"shoulder","shoulder",0,1,"ʃoʊldɚ",6
25,211,"basket","basket",1,3,"bæskɪt",6
25,218,"bucket","bucket",0,2,"bʌkɪt",5
25,219,"camera","camera",1,1,"kæmɚɹə",6
25,220,"can","can",0,16,"kæn",3
25,222,"comb","comb",1,11,"koʊm",4
25,224,"dish","dish",0,16,"dɪʃ",3
25,226,"garbage","garbage",0,1,"ɡɑɹbɪdʒ",7
25,227,"glass","glass",0,7,"ɡlæs",4
25,229,"hammer","hammer",0,6,"hæmɚ",4
25,230,"jar","jar",0,9,"dʒɑɹ",4
25,232,"knife","knife",1,5,"naɪf",4
25,233,"lamp","lamp",0,4,"læmp",4
25,237,"mop","mop",0,12,"mɑp",3
25,238,"nail","nails",0,7,"neɪl",4
25,241,"penny","penny",0,8,"pɛni",4
25,244,"plant","plant",0,4,"plænt",5
25,247,"radio","radio",0,1,"ɹeɪdɪoʊ",7
25,248,"scissors","scissors",1,1,"sɪsɚz",5
25,251,"tape","tape",0,10,"teɪp",4
25,258,"vacuum","vacuum",1,1,"vækjum",6
25,265,"bedroom","bedroom",1,3,"bɛdɹum",6
25,268,"closet","closet",0,1,"klɑzɪt",6
25,270,"crib","crib",0,3,"kɹɪb",4
25,272,"drawer","drawer",0,5,"dɹɔɹ",4
25,273,"dryer","dryer",0,1,"dɹaɪɚ",5
25,274,"garage","garage",0,1,"ɡɐɹɑʒ",5
25,275,"high chair","high chair",0,1,"haɪtʃɛɹ",7
25,277,"living room","living room",0,1,"lɪvɪŋɹum",8
25,278,"oven","oven",0,3,"ʌvən",4
25,282,"rocking chair","rocking chair",0,1,"ɹɑkɪŋtʃɛɹ",9
25,283,"refrigerator","refrigerator",1,1,"ɹɪfɹɪdʒɚɹeɪɾɚ",13
25,286,"sink","sink",1,6,"sɪŋk",4
25,288,"stairs","stairs",1,3,"stɛɹz",5
25,289,"stove","stove",0,5,"stoʊv",5
25,292,"window","window",1,2,"wɪndoʊ",6
25,293,"washing machine","washing machine",0,1,"wɑʃɪŋməʃin",10
25,294,"backyard","yard",0,1,"bækjɑɹd",7
25,295,"cloud","cloud",0,4,"klaʊd",5
25,296,"flag","flag",0,5,"flæɡ",4
25,298,"garden","garden",0,1,"ɡɑɹdən",6
25,300,"hose","hose",0,10,"hoʊz",4
25,301,"ladder","ladder",0,4,"lædɚ",4
25,302,"lawn mower","lawn mower",0,1,"lɔnmoʊɚ",7
25,307,"roof","roof",0,12,"ɹuf",3
25,308,"sandbox","sandbox",0,1,"sændbɑks",8
25,309,"shovel","shovel",0,3,"ʃʌvəL",5
25,310,"sidewalk","sidewalk",0,1,"saɪdwɔk",7
25,313,"snow","snow",1,5,"snoʊ",4
25,314,"snowman","snowman",0,1,"snoʊmən",7
25,315,"sprinkler","sprinkler",0,1,"spɹɪŋklɚ",8
25,319,"street","street",1,3,"stɹit",5
25,324,"wind","wind",0,3,"wɪnd",4
26,25,"deer","deer",0,20,"dɪɹ",3
26,27,"donkey","donkey",0,1,"dɑŋki",5
26,33,"goose","goose",0,20,"ɡus",3
26,37,"lamb","lamb",1,14,"læm",3
26,40,"moose","moose",0,19,"mus",3
26,43,"penguin","penguin",0,1,"pɛŋɡwɪn",7
26,45,"pony","pony",0,3,"poʊni",5
26,47,"rooster","rooster",0,1,"ɹustɚ",5
26,52,"turkey","turkey",0,5,"tɜki",4
26,54,"wolf","wolf",0,2,"wʊlf",4
26,64,"sled","sled",0,6,"slɛd",4
26,68,"tricycle","tricycle",0,1,"tɹaɪsaɪkəL",10
26,72,"bat","bat",1,21,"bæt",3
26,76,"chalk","chalk",0,7,"tʃɔk",4
26,79,"game","game",0,7,"ɡeɪm",4
26,80,"glue","glue",0,5,"ɡlu",3
26,83,"play dough","play dough",0,1,"pleɪdoʊ",7
26,89,"applesauce","applesauce",1,1,"æpəLsɔs",7
26,103,"coke","coke",0,15,"koʊk",4
26,107,"donut","donut",1,1,"doʊnʌt",6
26,114,"green beans","green beans",0,1,"ɡɹinbinz",8
26,115,"gum","gum",1,14,"ɡʌm",3
26,119,"jello","jello",0,2,"dʒɛloʊ",6
26,120,"jelly","jelly",0,2,"dʒɛli",5
26,122,"lollipop","lollipop",0,1,"lɑlɪpɑp",7
26,123,"meat","meat",1,15,"mit",3
26,124,"melon","melon",0,2,"mɛlən",5
26,126,"muffin","muffin",0,1,"mʌfɪn",5
26,128,"nuts","nuts",0,3,"nʌts",4
26,133,"pickle","pickle",1,3,"pɪkəL",5
26,139,"pretzel","pretzel",0,1,"pɹɪtsɛl",7
26,140,"pudding","pudding",0,1,"pʊdɪŋ",5
26,141,"pumpkin","pumpkin",1,1,"pʌmpkɪn",7
26,143,"salt","salt",0,4,"sɑlt",4
26,145,"sauce","sauce",0,12,"sɔs",3
26,146,"soda","soda",1,2,"soʊdə",5
26,153,"vitamins","vitamins",0,1,"vaɪɾəmɪnz",9
26,156,"beads","beads",0,7,"bidz",4
26,157,"belt","belt",1,7,"bɛlt",4
26,163,"dress","dress",1,5,"dɹɛs",4
26,164,"gloves","gloves",0,1,"ɡlʌvz",5
26,167,"jeans","jeans",0,2,"dʒinz",5
26,168,"mittens","mittens",0,1,"mɪɾənz",6
26,169,"necklace","necklace",1,1,"nɛkləs",6
26,176,"slipper","slipper",1,4,"slɪpɚ",5
26,182,"underpants","underpants",0,1,"ʌndɚpænts",9
26,184,"ankle","ankle",0,3,"æŋkəL",5
26,204,"penis","penis",0,2,"pinɪs",5
26,205,"shoulder","shoulder",0,1,"ʃoʊldɚ",6
26,218,"bucket","bucket",1,2,"bʌkɪt",5
26,220,"can","can",0,16,"kæn",3
26,224,"dish","dish",0,16,"dɪʃ",3
26,226,"garbage","garbage",1,1,"ɡɑɹbɪdʒ",7
26,227,"glass","glass",1,7,"ɡlæs",4
26,229,"hammer","hammer",1,6,"hæmɚ",4
26,230,"jar","jar",0,9,"dʒɑɹ",4
26,233,"lamp","lamp",0,4,"læmp",4
26,237,"mop","mop",0,12,"mɑp",3
26,238,"nail","nails",0,7,"neɪl",4
26,241,"penny","penny",1,8,"pɛni",4
26,244,"plant","plant",1,4,"plænt",5
26,247,"radio","radio",0,1,"ɹeɪdɪoʊ",7
26,251,"tape","tape",1,10,"teɪp",4
26,268,"closet","closet",1,1,"klɑzɪt",6
26,270,"crib","crib",1,3,"kɹɪb",4
26,272,"drawer","drawer",0,5,"dɹɔɹ",4
26,273,"dryer","dryer",0,1,"dɹaɪɚ",5
26,274,"garage","garage",1,1,"ɡɐɹɑʒ",5
26,275,"high chair","high chair",1,1,"haɪtʃɛɹ",7
26,277,"living room","living room",0,1,"lɪvɪŋɹum",8
26,278,"oven","oven",0,3,"ʌvən",4
26,282,"rocking chair","rocking chair",0,1,"ɹɑkɪŋtʃɛɹ",9
26,289,"stove","stove",1,5,"stoʊv",5
26,293,"washing machine","washing machine",0,1,"wɑʃɪŋməʃin",10
26,294,"backyard","yard",0,1,"bækjɑɹd",7
26,295,"cloud","cloud",1,4,"klaʊd",5
26,296,"flag","flag",1,5,"flæɡ",4
26,298,"garden","garden",0,1,"ɡɑɹdən",6
26,300,"hose","hose",0,10,"hoʊz",4
26,301,"ladder","ladder",0,4,"lædɚ",4
26,302,"lawn mower","lawn mower",0,1,"lɔnmoʊɚ",7
26,307,"roof","roof",0,12,"ɹuf",3
26,308,"sandbox","sandbox",0,1,"sændbɑks",8
26,309,"shovel","shovel",1,3,"ʃʌvəL",5
26,310,"sidewalk","sidewalk",0,1,"saɪdwɔk",7
26,314,"snowman","snowman",0,1,"snoʊmən",7
26,315,"sprinkler","sprinkler",0,1,"spɹɪŋklɚ",8
26,324,"wind","wind",0,3,"wɪnd",4
27,25,"deer","deer",1,20,"dɪɹ",3
27,27,"donkey","donkey",0,1,"dɑŋki",5
27,33,"goose","goose",0,20,"ɡus",3
27,40,"moose","moose",0,19,"mus",3
27,43,"penguin","penguin",0,1,"pɛŋɡwɪn",7
27,45,"pony","pony",0,3,"poʊni",5
27,47,"rooster","rooster",0,1,"ɹustɚ",5
27,52,"turkey","turkey",1,5,"tɜki",4
27,54,"wolf","wolf",0,2,"wʊlf",4
27,64,"sled","sled",0,6,"slɛd",4
27,68,"tricycle","tricycle",0,1,"tɹaɪsaɪkəL",10
27,76,"chalk","chalk",0,7,"tʃɔk",4
27,79,"game","game",1,7,"ɡeɪm",4
27,80,"glue","glue",0,5,"ɡlu",3
27,83,"play dough","play dough",1,1,"pleɪdoʊ",7
27,103,"coke","coke",0,15,"koʊk",4
27,114,"green beans","green beans",0,1,"ɡɹinbinz",8
27,119,"jello","jello",0,2,"dʒɛloʊ",6
27,120,"jelly","jelly",1,2,"dʒɛli",5
27,122,"lollipop","lollipop",0,1,"lɑlɪpɑp",7
27,124,"melon","melon",0,2,"mɛlən",5
27,126,"muffin","muffin",1,1,"mʌfɪn",5
27,128,"nuts","nuts",0,3,"nʌts",4
27,139,"pretzel","pretzel",0,1,"pɹɪtsɛl",7
27,140,"pudding","pudding",0,1,"pʊdɪŋ",5
27,143,"salt","salt",0,4,"sɑlt",4
27,145,"sauce","sauce",0,12,"sɔs",3
27,153,"vitamins","vitamins",1,1,"vaɪɾəmɪnz",9
27,156,"beads","beads",0,7,"bidz",4
27,164,"gloves","gloves",0,1,"ɡlʌvz",5
27,167,"jeans","jeans",0,2,"dʒinz",5
27,168,"mittens","mittens",0,1,"mɪɾənz",6
27,182,"underpants","underpants",0,1,"ʌndɚpænts",9
27,184,"ankle","ankle",0,3,"æŋkəL",5
27,204,"penis","penis",1,2,"pinɪs",5
27,205,"shoulder","shoulder",0,1,"ʃoʊldɚ",6
27,220,"can","can",0,16,"kæn",3
27,224,"dish","dish",1,16,"dɪʃ",3
27,230,"jar","jar",0,9,"dʒɑɹ",4
27,233,"lamp","lamp",0,4,"læmp",4
27,237,"mop","mop",0,12,"mɑp",3
27,238,"nail","nails",0,7,"neɪl",4
27,247,"radio","radio",1,1,"ɹeɪdɪoʊ",7
27,272,"drawer","drawer",1,5,"dɹɔɹ",4
27,273,"dryer","dryer",0,1,"dɹaɪɚ",5
27,277,"living room","living room",0,1,"lɪvɪŋɹum",8
27,278,"oven","oven",1,3,"ʌvən",4
27,282,"rocking chair","rocking chair",1,1,"ɹɑkɪŋtʃɛɹ",9
27,293,"washing machine","washing machine",1,1,"wɑʃɪŋməʃin",10
27,294,"backyard","yard",0,1,"bækjɑɹd",7
27,298,"garden","garden",0,1,"ɡɑɹdən",6
27,300,"hose","hose",1,10,"hoʊz",4
27,301,"ladder","ladder",1,4,"lædɚ",4
27,302,"lawn mower","lawn mower",1,1,"lɔnmoʊɚ",7
27,307,"roof","roof",0,12,"ɹuf",3
27,308,"sandbox","sandbox",1,1,"sændbɑks",8
27,310,"sidewalk","sidewalk",0,1,"saɪdwɔk",7
27,314,"snowman","snowman",1,1,"snoʊmən",7
27,315,"sprinkler","sprinkler",0,1,"spɹɪŋklɚ",8
27,324,"wind","wind",1,3,"wɪnd",4
28,27,"donkey","donkey",1,1,"dɑŋki",5
28,33,"goose","goose",1,20,"ɡus",3
28,40,"moose","moose",1,19,"mus",3
28,43,"penguin","penguin",1,1,"pɛŋɡwɪn",7
28,45,"pony","pony",1,3,"poʊni",5
28,47,"rooster","rooster",1,1,"ɹustɚ",5
28,54,"wolf","wolf",1,2,"wʊlf",4
28,64,"sled","sled",0,6,"slɛd",4
28,68,"tricycle","tricycle",0,1,"tɹaɪsaɪkəL",10
28,76,"chalk","chalk",1,7,"tʃɔk",4
28,80,"glue","glue",1,5,"ɡlu",3
28,103,"coke","coke",1,15,"koʊk",4
28,114,"green beans","green beans",1,1,"ɡɹinbinz",8
28,119,"jello","jello",1,2,"dʒɛloʊ",6
28,122,"lollipop","lollipop",1,1,"lɑlɪpɑp",7
28,124,"melon","melon",1,2,"mɛlən",5
28,128,"nuts","nuts",1,3,"nʌts",4
28,139,"pretzel","pretzel",1,1,"pɹɪtsɛl",7
28,140,"pudding","pudding",1,1,"pʊdɪŋ",5
28,143,"salt","salt",1,4,"sɑlt",4
28,145,"sauce","sauce",1,12,"sɔs",3
28,156,"beads","beads",0,7,"bidz",4
28,164,"gloves","gloves",1,1,"ɡlʌvz",5
28,167,"jeans","jeans",1,2,"dʒinz",5
28,168,"mittens","mittens",1,1,"mɪɾənz",6
28,182,"underpants","underpants",1,1,"ʌndɚpænts",9
28,184,"ankle","ankle",0,3,"æŋkəL",5
28,205,"shoulder","shoulder",1,1,"ʃoʊldɚ",6
28,220,"can","can",1,16,"kæn",3
28,230,"jar","jar",0,9,"dʒɑɹ",4
28,233,"lamp","lamp",1,4,"læmp",4
28,237,"mop","mop",1,12,"mɑp",3
28,238,"nail","nails",1,7,"neɪl",4
28,273,"dryer","dryer",1,1,"dɹaɪɚ",5
28,277,"living room","living room",1,1,"lɪvɪŋɹum",8
28,294,"backyard","yard",1,1,"bækjɑɹd",7
28,298,"garden","garden",1,1,"ɡɑɹdən",6
28,307,"roof","roof",1,12,"ɹuf",3
28,310,"sidewalk","sidewalk",1,1,"saɪdwɔk",7
28,315,"sprinkler","sprinkler",1,1,"spɹɪŋklɚ",8
29,64,"sled","sled",0,6,"slɛd",4
29,68,"tricycle","tricycle",0,1,"tɹaɪsaɪkəL",10
29,156,"beads","beads",0,7,"bidz",4
29,184,"ankle","ankle",0,3,"æŋkəL",5
29,230,"jar","jar",1,9,"dʒɑɹ",4
30,64,"sled","sled",1,6,"slɛd",4
30,68,"tricycle","tricycle",1,1,"tɹaɪsaɪkəL",10
30,156,"beads","beads",1,7,"bidz",4
30,184,"ankle","ankle",1,3,"æŋkəL",5
